,Bedrooms,Bathrooms,Land area,CV,Latitude,Longitude,0-19 years,20-29 years,30-39 years,40-49 years,50-59 years,60+ years,Population,NZDep2018,NZDep2018_Score
0,5,3.0,714.0,960000,-37.0129205,174.90406940000003,48,27,24,21,24,21,174,6.0,997.0
1,5,3.0,564.0,1250000,-37.0636724,174.9229121,42,18,12,21,15,30,129,1.0,881.0
2,6,4.0,626.0,1250000,-37.063579700000005,174.9240444,42,18,12,21,15,30,129,1.0,881.0
3,2,1.0,65.0,740000,-36.9129964,174.78742490000002,42,6,21,21,12,15,120,2.0,908.0
4,3,1.0,601.0,630000,-36.979036900000004,174.8926119,93,27,33,30,21,33,231,9.0,1091.0
5,3,1.0,100.0,1050000,-36.943928899999996,174.78050149999999,63,15,24,33,30,39,195,4.0,942.0
6,3,1.0,531.0,2525000,-36.849238899999996,174.73445130000002,33,12,18,12,15,9,102,4.0,951.0
7,3,2.0,1024.0,1400000,-36.9077,174.7960425,36,33,39,21,12,24,162,4.0,951.0
8,3,2.0,80.0,475000,-37.033322399999996,174.89811310000002,45,27,15,12,12,12,126,10.0,1164.0
9,4,2.0,204.0,660000,-36.8462083,174.62079440000002,30,27,36,15,24,12,141,6.0,988.0
10,4,2.0,170.0,900000,-36.8462083,174.62079440000002,30,27,36,15,24,12,141,6.0,988.0
11,4,2.0,170.0,660000,-36.8462083,174.62079440000002,30,27,36,15,24,12,141,6.0,988.0
12,3,1.0,637.0,920000,-36.7925353,174.7272634,42,33,36,30,24,24,189,2.0,916.0
13,3,1.0,640.0,570000,-37.0251198,174.87963100000002,69,33,24,21,15,9,171,10.0,1225.0
14,4,2.0,650.0,1150000,-36.9040755,174.69425690000003,54,45,33,18,18,6,174,9.0,1070.0
15,3,1.0,138.0,1200000,-36.9184475,174.7177085,51,36,30,18,18,36,183,9.0,1076.0
16,2,1.0,75.0,640000,-36.9185162,174.7192568,51,36,30,18,18,36,183,9.0,1076.0
17,5,3.0,724.0,640000,-36.621938899999996,174.6639437,51,54,66,24,9,12,219,2.0,899.0
18,5,3.0,429.0,1180000,-36.6233277,174.66401430000002,51,54,66,24,9,12,219,2.0,899.0
19,5,3.0,520.0,590000,-36.621938899999996,174.6639437,51,54,66,24,9,12,219,2.0,899.0
20,3,1.0,1381.0,2080000,-36.910598,174.7633054,27,36,24,18,12,9,135,7.0,1021.0
21,5,4.0,732.0,1800000,-36.7506011,174.67955849999998,63,27,24,51,30,18,213,1.0,861.0
22,4,2.0,799.0,1145000,-36.8896501,174.67460690000001,48,24,30,24,18,27,162,6.0,980.0
23,3,1.0,1105.0,920000,-36.9284876,174.6694885,72,21,30,33,27,15,198,6.0,987.0
24,3,1.0,463.0,1500000,-36.8721796,174.7386307,21,33,18,24,21,12,132,5.0,964.0
25,3,2.0,681.0,1100000,-36.9014454,174.915807,12,12,15,12,15,24,90,3.0,924.0
26,3,2.0,4068.0,710000,-36.6192234,174.7798928,51,18,15,27,36,42,189,1.0,885.0
27,2,1.0,106.0,1020000,-36.887909,174.8432822,45,18,42,51,18,42,213,3.0,936.0
28,3,1.0,713.0,1150000,-36.8924701,174.71401530000003,51,39,15,21,45,33,198,1.0,860.0
29,3,2.0,211.0,1600000,-36.8540672,174.8347488,24,18,27,24,18,51,168,3.0,927.0
30,3,2.0,402.0,1280000,-36.9031776,174.7684391,30,24,18,15,15,30,132,2.0,903.0
31,3,1.0,883.0,2150000,-36.9033021,174.7686074,30,24,18,15,15,30,132,2.0,903.0
32,5,3.0,883.0,2425000,-36.903732399999996,174.77070469999998,30,24,18,15,15,30,132,2.0,903.0
33,4,3.0,883.0,2425000,-36.903732399999996,174.77070469999998,30,24,18,15,15,30,132,2.0,903.0
34,4,1.0,675.0,435000,-37.1914653,174.8967586,96,36,24,24,12,9,204,10.0,1247.0
35,4,3.0,388.0,1300000,-36.9191013,174.7602332,51,48,33,30,18,12,189,6.0,980.0
36,3,2.0,1034.0,1120000,-36.9176375,174.86966619999998,90,48,51,27,36,36,282,9.0,1097.0
37,3,1.0,1295.0,850000,-36.7850631,175.0278712,30,12,9,15,18,33,123,6.0,984.0
38,3,2.0,1102.0,930000,-36.8970908,174.6382264,51,15,24,21,12,24,153,9.0,1075.0
39,3,2.0,551.0,1025000,-37.0639294,174.9194913,51,21,30,21,18,36,177,2.0,914.0
40,3,1.0,809.0,930000,-36.9710412,174.8693896,54,42,39,21,27,36,225,9.0,1069.0
41,2,1.0,1108.0,1225000,-36.916308,174.7598366,39,39,30,24,24,33,189,3.0,935.0
42,6,3.0,745.0,1100000,-36.6089222,174.785329,75,12,30,51,24,42,234,1.0,895.0
43,5,3.0,613.0,1925000,-36.870046200000004,174.8251511,69,12,42,45,18,18,201,1.0,875.0
44,3,1.0,758.0,990000,-36.9198143,174.77225280000002,33,9,18,21,21,6,114,2.0,918.0
45,4,2.0,727.0,920000,-37.0648902,174.9286899,48,21,18,18,39,33,174,1.0,895.0
46,2,1.0,59.0,600000,-36.8900779,174.69238700000002,57,42,33,21,21,21,195,8.0,1030.0
47,4,2.0,260.0,1025000,-36.8896313,174.69248480000002,57,42,33,21,21,21,195,8.0,1030.0
48,3,2.0,126.0,630000,-37.0152515,174.88048799999999,60,36,30,9,18,6,162,10.0,1151.0
49,3,1.0,615.0,1575000,-36.8727657,174.7460271,27,75,33,24,15,18,189,6.0,997.0
50,4,2.0,756.0,1050000,-36.9931422,174.9036367,75,45,42,27,39,66,288,4.0,951.0
51,4,1.0,3609.0,1380000,-37.0172546,174.90741519999997,63,27,39,30,6,24,189,6.0,978.0
52,3,2.0,809.0,830000,-36.7867738,175.01150239999998,18,6,9,21,21,42,132,4.0,945.0
53,3,1.0,431.0,940000,-36.8688531,174.8403044,48,45,27,30,27,21,201,2.0,914.0
54,4,2.0,3648.0,1520000,-36.9507221,174.64134030000002,51,21,15,39,27,27,180,2.0,903.0
55,4,3.0,3177.0,1400000,-36.9499586,174.64297019999998,51,21,15,39,27,27,180,2.0,903.0
56,5,3.0,545.0,1725000,-36.8581658,174.8281687,39,39,33,24,27,27,189,4.0,950.0
57,4,2.0,420.0,2150000,-36.8587685,174.8284616,39,39,33,24,27,27,189,4.0,950.0
58,3,2.0,481.0,1325000,-36.8022939,174.78551330000002,36,9,12,18,21,12,105,2.0,914.0
59,3,1.0,279.0,1220000,-36.8839242,174.80260249999998,27,21,15,21,18,24,120,4.0,955.0
60,3,1.0,120.0,630000,-37.0230935,174.9208854,54,21,21,15,9,9,126,10.0,1255.0
61,4,2.0,1037.0,1400000,-36.8949914,174.8937769,54,21,30,27,21,24,180,4.0,949.0
62,4,3.0,202.0,1340000,-36.8763644,174.8190155,54,12,27,30,24,45,189,3.0,922.0
63,4,2.0,1031.0,2450000,-36.8762123,174.8199745,54,12,27,30,24,45,189,3.0,922.0
64,4,2.0,1031.0,2450000,-36.8762123,174.8199745,54,12,27,30,24,45,189,3.0,922.0
65,3,1.0,602.0,530000,-37.0252348,174.8630015,105,48,42,27,30,12,267,10.0,1189.0
66,4,2.0,810.0,730000,-37.213396200000005,174.9054744,48,15,12,27,27,36,168,2.0,911.0
67,3,1.0,475.0,810000,-36.903786,174.6686326,30,21,27,24,12,21,138,6.0,988.0
68,3,1.0,736.0,1170000,-36.7780575,174.7153418,45,42,30,18,15,30,174,4.0,955.0
69,3,1.0,110.0,540000,-37.0289075,174.9155234,54,18,18,18,9,6,123,10.0,1162.0
70,4,1.0,99.0,485000,-37.02979929999999,174.911026,93,66,39,24,18,9,243,10.0,1198.0
71,3,2.0,153.0,790000,-36.9208765,174.6304169,72,24,30,33,33,51,234,3.0,935.0
72,5,3.0,245.0,1240000,-36.8888684,174.8125681,57,42,45,42,9,30,228,2.0,906.0
73,4,1.0,2567.0,2725000,-36.889369,174.813201,57,42,45,42,9,30,228,2.0,906.0
74,3,1.0,1500.0,680000,-36.406573200000004,174.5450829,54,9,18,30,30,33,168,4.0,938.0
75,3,2.0,885.0,860000,-36.8646972,174.6521841,33,30,15,33,27,21,162,7.0,1000.0
76,4,3.0,480.0,2275000,-36.8625187,174.7474227,21,30,27,24,18,21,147,3.0,920.0
77,4,2.0,377.0,850000,-36.9314956,174.8467009,51,57,42,27,30,39,234,7.0,1027.0
78,3,1.0,688.0,780000,-36.931371,174.8475282,51,57,42,27,30,39,234,7.0,1027.0
79,6,3.0,10557.0,1945000,-36.8395657,174.5907986,42,24,15,30,27,33,180,5.0,958.0
80,2,1.0,405.0,1000000,-36.895017100000004,174.8242295,42,15,48,39,12,24,186,4.0,940.0
81,3,2.0,561.0,710000,-37.0223681,174.92095319999999,87,24,33,39,21,27,231,8.0,1031.0
82,4,2.0,255.0,810000,-37.0414044,174.9349884,75,72,66,33,15,15,276,3.0,927.0
83,5,3.0,519.0,540000,-36.5930625,174.6780098,0,0,0,0,0,0,18,7.0,1028.0
84,4,2.0,650.0,590000,-36.590886499999996,174.66932,0,0,0,0,0,0,18,7.0,1028.0
85,4,2.0,602.0,1075000,-36.590886499999996,174.66932,0,0,0,0,0,0,18,7.0,1028.0
86,5,3.0,650.0,1250000,-36.5903256,174.6681286,0,0,0,0,0,0,18,7.0,1028.0
87,5,3.0,519.0,1225000,-36.5937888,174.6739169,0,0,0,0,0,0,18,7.0,1028.0
88,5,3.0,522.0,540000,-36.5930625,174.6780098,0,0,0,0,0,0,18,7.0,1028.0
89,5,3.0,651.0,1260000,-36.5936147,174.67732469999999,0,0,0,0,0,0,18,7.0,1028.0
90,4,2.0,559.0,1050000,-36.590886499999996,174.66932,0,0,0,0,0,0,18,7.0,1028.0
91,5,3.0,420.0,1200000,-36.9861529,174.9072372,45,48,30,18,24,24,192,2.0,913.0
92,3,2.0,472.0,720000,-36.677469200000004,174.4522649,33,24,9,15,24,48,150,7.0,1006.0
93,3,1.0,1067.0,580000,-36.9563698,174.8892654,45,27,12,15,15,15,132,10.0,1357.0
94,3,1.0,726.0,570000,-36.955804799999996,174.8879416,45,27,12,15,15,15,132,10.0,1357.0
95,3,2.0,251.0,1300000,-36.9047954,174.7739675,21,15,18,12,18,18,108,4.0,942.0
96,5,2.0,220.0,1225000,-36.800166299999994,174.7338294,42,33,21,21,6,18,141,5.0,976.0
97,5,3.0,420.0,1250000,-36.971777100000004,174.918647,39,21,30,18,9,12,129,3.0,930.0
98,4,2.0,1467.0,970000,-36.6109852,174.7127236,24,12,15,12,18,42,132,4.0,946.0
99,4,1.0,701.0,1000000,-36.915799799999995,174.73439419999997,42,33,24,18,12,21,150,9.0,1098.0
100,4,2.0,826.0,980000,-37.0678773,174.9257112,60,21,48,39,27,30,219,1.0,871.0
101,4,2.0,743.0,990000,-37.0650699,174.92475890000003,60,21,48,39,27,30,219,1.0,871.0
102,3,1.0,272.0,680000,-37.07187879999999,174.9563186,99,48,30,21,24,15,240,10.0,1194.0
103,6,2.0,672.0,1030000,-37.031105100000005,174.89252319999997,57,51,18,15,21,15,183,9.0,1117.0
104,3,2.0,772.0,920000,-36.921876700000006,174.6646886,57,15,24,27,30,36,183,4.0,938.0
105,3,1.0,318.0,600000,-37.2096583,174.8966255,45,42,18,33,27,33,201,7.0,1028.0
106,4,2.0,895.0,920000,-36.774209899999995,174.72523030000002,18,18,18,15,12,24,99,6.0,989.0
107,9,5.0,2028.0,1350000,-36.975488299999995,174.8644449,39,27,21,15,21,21,147,9.0,1105.0
108,3,1.0,371.0,900000,-36.8864339,174.74586090000003,57,33,36,30,18,15,186,6.0,980.0
109,2,2.0,93.0,920000,-36.904282200000004,174.7588224,0,12,0,0,0,0,30,7.0,1000.0
110,3,2.0,286.0,1340000,-36.9036375,174.75841880000002,0,12,0,0,0,0,30,7.0,1000.0
111,3,1.0,429.0,850000,-36.900007099999996,174.6938496,33,27,30,15,21,21,153,6.0,984.0
112,3,1.0,623.0,630000,-36.8574435,174.60012680000003,60,30,18,15,15,27,171,10.0,1150.0
113,6,2.0,479.0,1325000,-36.7502525,174.7350724,51,48,45,27,30,24,222,4.0,952.0
114,3,2.0,113.0,1140000,-36.898097799999995,174.75660459999997,30,72,24,18,21,15,174,5.0,975.0
115,4,2.0,469.0,1745000,-36.7781846,174.7508405,63,36,42,30,30,18,216,4.0,951.0
116,3,1.0,898.0,740000,-36.2986271,174.79864840000002,18,6,9,12,27,48,117,5.0,963.0
117,3,2.0,370.0,1120000,-36.906797999999995,174.7543779,63,18,21,12,6,18,129,10.0,1213.0
118,3,2.0,120.0,580000,-36.9779943,174.8681825,42,42,30,24,21,21,186,7.0,1004.0
119,3,1.0,422.0,670000,-36.915067,174.6456471,48,9,15,30,12,21,144,6.0,989.0
120,4,3.0,868.0,800000,-36.8820848,174.6567039,45,27,33,24,15,30,180,8.0,1040.0
121,3,1.0,880.0,580000,-37.039314000000005,174.92106299999998,33,51,24,15,12,24,150,9.0,1113.0
122,4,2.0,690.0,1175000,-36.9175628,174.7935673,66,33,48,36,27,33,237,5.0,956.0
123,4,3.0,238.0,800000,-37.0443323,174.927343,60,66,72,27,21,9,249,3.0,921.0
124,4,2.0,569.0,1325000,-36.920718,174.78031869999998,21,21,15,18,27,27,132,8.0,1033.0
125,4,2.0,8000.0,1510000,-37.116236900000004,174.978964,39,27,18,27,45,69,219,1.0,893.0
126,4,3.0,8129.0,1620000,-37.1206153,174.9833398,39,27,18,27,45,69,219,1.0,893.0
127,3,1.0,447.0,1360000,-36.9069089,174.76022849999998,51,36,18,24,27,36,189,4.0,938.0
128,4,2.0,744.0,920000,-36.807162,174.71120390000002,36,15,30,21,21,3,129,2.0,902.0
129,3,1.0,630.0,870000,-36.6246599,174.7297045,72,27,18,30,33,30,213,4.0,941.0
130,3,1.0,415.0,660000,-36.991306200000004,174.84849640000002,45,45,30,21,18,24,183,8.0,1048.0
131,3,1.0,93.0,850000,-36.8736688,174.8480004,36,27,42,21,6,15,147,6.0,991.0
132,3,2.0,804.0,1050000,-36.8046583,174.7047238,30,36,33,21,24,18,162,3.0,935.0
133,2,1.0,323.0,1625000,-36.8481167,174.73943,39,33,27,33,33,21,186,5.0,962.0
134,3,2.0,810.0,1625000,-36.9469952,174.77865680000002,39,18,36,18,24,51,189,4.0,948.0
135,3,2.0,728.0,910000,-36.933223100000006,174.84677019999998,15,30,21,12,9,15,93,8.0,1030.0
136,4,3.0,580.0,1175000,-37.0800841,174.9260771,81,15,51,45,21,36,249,1.0,853.0
137,2,2.0,140.0,790000,-36.9011618,174.8510364,21,39,21,12,9,9,108,8.0,1029.0
138,3,2.0,606.0,830000,-36.395545299999995,174.6535508,51,15,27,27,21,30,174,4.0,950.0
139,6,4.0,325.0,1825000,-36.6418176,174.7328175,24,15,9,9,21,24,93,1.0,896.0
140,4,1.0,175.0,1775000,-36.876847399999996,174.8147784,39,6,21,18,27,15,123,2.0,902.0
141,4,2.0,663.0,880000,-37.0465768,174.9117585,51,39,24,33,45,39,231,2.0,903.0
142,3,1.0,422.0,520000,-37.0654435,174.9672078,99,33,27,33,18,24,237,10.0,1380.0
143,3,1.0,582.0,470000,-37.0661128,174.9674898,99,33,27,33,18,24,237,10.0,1380.0
144,4,2.0,292.0,800000,-36.986520399999996,174.90794250000002,36,48,36,9,6,0,141,4.0,953.0
145,3,2.0,144.0,420000,-36.986073100000006,174.90841369999998,36,48,36,9,6,0,141,4.0,953.0
146,3,2.0,310.0,1250000,-37.1463039,174.929007,27,6,18,9,15,24,96,3.0,929.0
147,2,1.0,849.0,2275000,-36.8569511,174.818547,42,15,21,27,21,39,168,4.0,937.0
148,5,3.0,1032.0,2625000,-36.8568781,174.8186995,42,15,21,27,21,39,168,4.0,937.0
149,3,1.0,446.0,560000,-36.8412486,174.6043601,48,30,27,27,21,21,177,8.0,1046.0
150,4,1.0,951.0,680000,-37.067935399999996,174.9598568,87,48,27,21,33,18,237,9.0,1090.0
151,3,2.0,571.0,670000,-37.066514,174.9580746,87,48,27,21,33,18,237,9.0,1090.0
152,5,3.0,877.0,1490000,-37.0516846,174.90614230000003,36,21,12,30,27,42,168,2.0,900.0
153,4,2.0,809.0,830000,-36.804617799999995,174.71203480000003,54,36,33,30,15,21,195,3.0,926.0
154,7,2.0,333.0,1400000,-36.8661486,174.75379180000002,24,42,21,12,12,15,132,3.0,937.0
155,3,1.0,1513.0,1005000,-36.920320000000004,174.6919081,30,15,15,9,12,6,90,9.0,1092.0
156,3,2.0,528.0,850000,-36.877027399999996,174.640536,27,18,21,12,6,18,102,7.0,1021.0
157,3,1.0,636.0,1040000,-36.8901125,174.8659207,57,27,18,15,18,12,147,10.0,1191.0
158,5,3.0,417.0,1225000,-36.959775,174.93261090000001,39,12,21,21,15,3,111,5.0,957.0
159,3,2.0,170.0,630000,-37.0146766,174.89846619999997,51,39,39,27,18,36,210,6.0,996.0
160,3,1.0,658.0,990000,-36.9094537,174.7238505,45,45,24,30,18,39,201,6.0,988.0
161,4,2.0,1573.0,825000,-36.9465931,174.6634799,48,9,15,33,18,21,135,1.0,865.0
162,9,4.0,1843.0,2200000,-36.8603096,174.86930180000002,30,18,3,18,21,12,102,4.0,940.0
163,4,2.0,404.0,2050000,-36.859620899999996,174.8696361,30,18,3,18,21,12,102,4.0,940.0
164,2,1.0,176.0,1500000,-36.8506282,174.7506425,21,27,21,15,15,48,147,3.0,925.0
165,3,1.0,80.0,960000,-36.895639,174.8455024,27,12,27,24,18,15,123,6.0,978.0
166,4,2.0,683.0,970000,-36.8976911,174.9135872,69,24,27,33,12,27,195,5.0,960.0
167,4,3.0,380.0,2525000,-36.6374487,174.6341666,57,18,27,30,39,54,219,3.0,924.0
168,3,2.0,117.0,1220000,-36.883432299999996,174.81580459999998,63,30,42,39,24,30,219,1.0,884.0
169,5,3.0,555.0,1345000,-36.7233994,174.72007580000002,48,42,30,21,21,30,189,4.0,955.0
170,4,3.0,763.0,4700000,-36.8470899,174.7318972,45,24,15,30,33,39,189,1.0,896.0
171,4,2.0,230.0,1100000,-36.8118318,174.7101814,60,24,36,36,24,66,249,2.0,902.0
172,2,1.0,104.0,1020000,-36.8865576,174.8404341,27,42,24,21,18,27,162,2.0,898.0
173,3,1.0,600.0,630000,-36.97792020000001,174.8961056,63,36,24,27,24,30,195,9.0,1130.0
174,3,2.0,166.0,830000,-36.9209207,174.7357439,81,39,60,30,21,27,258,7.0,1024.0
175,4,2.0,519.0,470000,-37.0493856,174.97289080000002,123,99,93,39,39,18,414,5.0,963.0
176,5,3.0,528.0,470000,-37.0502164,174.97293630000001,123,99,93,39,39,18,414,5.0,963.0
177,5,3.0,603.0,480000,-37.049918,174.9724182,123,99,93,39,39,18,414,5.0,963.0
178,3,1.0,439.0,780000,-37.01495739999999,174.91502240000003,45,24,33,27,36,36,204,4.0,942.0
179,3,1.0,600.0,530000,-37.042509499999994,174.8673894,78,33,39,24,30,24,225,10.0,1356.0
180,3,1.0,600.0,530000,-37.042509499999994,174.8673894,78,33,39,24,30,24,225,10.0,1356.0
181,3,2.0,368.0,880000,-36.8152696,174.6288851,45,30,15,27,24,36,174,4.0,940.0
182,3,1.0,1012.0,2112000,-37.2271956,174.93889099999998,39,6,9,24,18,36,129,3.0,932.0
183,4,4.0,2718.0,9000000,-36.871836,174.81368899999998,27,12,6,18,18,36,114,1.0,877.0
184,4,4.0,2718.0,9000000,-36.871836,174.81368899999998,27,12,6,18,18,36,114,1.0,877.0
185,4,2.0,191.0,1825000,-36.8534844,174.84930269999998,48,24,21,30,27,36,186,3.0,929.0
186,2,2.0,173.0,590000,-36.94338270000001,174.90154819999998,24,24,45,15,15,6,132,6.0,976.0
187,3,1.0,1070.0,1875000,-36.886768200000006,174.8134448,48,15,27,27,12,30,153,3.0,932.0
188,3,2.0,586.0,830000,-36.8324006,174.63285390000001,84,36,36,42,27,30,255,9.0,1082.0
189,4,2.0,723.0,1460000,-36.9420311,174.76767230000002,27,9,9,21,15,30,105,1.0,895.0
190,2,1.0,90.0,455000,-36.9763865,174.8391374,54,45,33,18,24,18,198,8.0,1067.0
191,5,2.0,260.0,890000,-36.8843686,174.6504321,60,27,24,30,18,18,186,5.0,973.0
192,6,3.0,210.0,1000000,-36.8848921,174.64905149999998,60,27,24,30,18,18,186,5.0,973.0
193,3,2.0,138.0,1220000,-36.861919,174.8521385,45,12,24,33,30,48,189,2.0,902.0
194,1,1.0,59.0,325000,-36.657444399999996,174.4331618,45,18,21,21,24,24,153,10.0,1163.0
195,4,2.0,846.0,610000,-37.0481046,174.860194,108,42,39,36,27,33,276,8.0,1046.0
196,4,2.0,1047.0,1470000,-36.9188242,174.9314074,33,27,15,30,21,42,168,2.0,903.0
197,5,3.0,375.0,1400000,-36.90441129999999,174.80423190000002,72,81,60,36,33,27,306,8.0,1032.0
198,3,2.0,474.0,1250000,-36.905958700000006,174.8045209,72,81,60,36,33,27,306,8.0,1032.0
199,7,2.0,2931.0,1600000,-37.0513811,174.861198,72,42,24,36,33,39,246,9.0,1099.0
200,3,2.0,261.0,1240000,-36.889430499999996,174.8342189,66,48,54,33,39,39,273,1.0,896.0
201,3,2.0,261.0,1240000,-36.889430499999996,174.8342189,66,48,54,33,39,39,273,1.0,896.0
202,3,1.0,462.0,860000,-36.921234000000005,174.7544716,48,48,33,24,33,36,222,6.0,979.0
203,5,3.0,701.0,2450000,-36.868096200000004,174.8061183,45,24,15,27,36,33,174,1.0,888.0
204,3,2.0,400.0,880000,-36.938385600000004,174.90999309999998,42,12,24,21,18,18,135,5.0,972.0
205,4,2.0,550.0,780000,-36.791673200000005,174.6900185,42,27,36,18,12,12,147,3.0,934.0
206,5,2.0,650.0,950000,-37.05305070000001,174.92289350000001,27,27,18,27,36,45,174,2.0,910.0
207,4,1.0,140.0,775000,-36.8690454,174.61978919999999,42,18,15,27,24,24,153,8.0,1036.0
208,3,2.0,137.0,870000,-36.866926299999996,174.8451884,54,27,21,39,27,45,216,3.0,929.0
209,4,1.0,160.0,830000,-36.885174,174.6509948,66,51,33,24,24,27,228,7.0,1001.0
210,4,2.0,922.0,860000,-36.8993074,174.6348866,102,39,45,36,15,36,279,8.0,1061.0
211,3,2.0,114.0,725000,-36.9006722,174.6350647,102,39,45,36,15,36,279,8.0,1061.0
212,5,3.0,686.0,1735000,-36.8360926,174.66037790000001,39,27,24,15,27,15,147,1.0,891.0
213,3,1.0,1012.0,850000,-36.9085972,174.6380186,63,36,42,36,27,30,231,9.0,1119.0
214,5,3.0,470.0,1400000,-36.886992299999996,175.0062139,60,9,18,48,21,30,180,1.0,863.0
215,5,3.0,490.0,1350000,-36.88756729999999,175.00612980000002,60,9,18,48,21,30,180,1.0,863.0
216,5,2.0,569.0,980000,-36.6122979,174.6567144,36,12,9,27,15,27,129,4.0,950.0
217,4,2.0,550.0,1025000,-37.0779534,174.9188179,201,99,168,114,81,120,789,1.0,897.0
218,3,2.0,220.0,810000,-37.077566100000006,174.9201295,201,99,168,114,81,120,789,1.0,897.0
219,5,3.0,404.0,1250000,-36.964403499999996,174.927909,69,42,60,30,24,30,255,1.0,894.0
220,3,1.0,154.0,820000,-36.9337122,174.9080707,30,18,36,21,12,12,123,5.0,965.0
221,3,1.0,952.0,670000,-36.858717799999994,174.599451,57,27,30,18,12,15,159,9.0,1127.0
222,4,2.0,1074.0,3200000,-36.8700679,174.7703548,33,27,24,9,39,54,183,1.0,877.0
223,4,2.0,161.0,860000,-36.795950700000006,174.65593,51,36,57,18,6,12,174,1.0,880.0
224,3,1.0,473.0,2275000,-36.8474028,174.7324135,57,21,15,30,15,18,153,4.0,938.0
225,4,2.0,170.0,920000,-36.7875914,174.7224742,39,36,36,18,30,48,198,5.0,958.0
226,4,2.0,689.0,1075000,-36.895269299999995,174.7006602,12,9,12,21,15,48,117,8.0,1052.0
227,3,1.0,348.0,1025000,-36.895269299999995,174.7006602,12,9,12,21,15,48,117,8.0,1052.0
228,4,2.0,15230.0,1325000,-36.7338896,174.456874,36,12,9,24,21,18,123,2.0,917.0
229,4,2.0,260.0,1275000,-36.8465434,174.5210115,24,12,9,21,12,27,111,3.0,930.0
230,2,1.0,106.0,740000,-36.91975720000001,174.7118763,0,3,0,3,0,231,243,7.0,1023.0
231,5,3.0,310.0,1525000,-36.752773299999994,174.7608761,57,21,27,27,27,27,177,2.0,913.0
232,3,1.0,345.0,990000,-36.7663399,174.7477823,57,48,42,33,24,15,219,6.0,980.0
233,4,2.0,523.0,1225000,-36.911034,174.7241676,24,15,12,12,18,33,123,4.0,950.0
234,3,1.0,616.0,985000,-36.8813662,174.7009228,42,51,45,33,15,12,198,4.0,951.0
235,4,2.0,1012.0,960000,-37.2203656,174.894608,24,12,9,12,24,27,108,2.0,905.0
236,4,3.0,600.0,820000,-37.0520531,174.8876043,57,18,30,18,24,39,186,6.0,982.0
237,3,1.0,120.0,780000,-37.0000106,174.900693,72,27,42,36,21,36,231,4.0,939.0
238,3,2.0,703.0,1380000,-36.887670799999995,174.89325669999997,54,21,27,36,24,60,216,2.0,912.0
239,4,2.0,984.0,720000,-37.020317,174.9003727,39,27,21,24,21,21,150,5.0,965.0
240,3,2.0,386.0,540000,-36.848476700000006,174.6098376,36,33,27,15,15,15,144,9.0,1109.0
241,4,3.0,222.0,1800000,-36.8736187,174.782018,18,42,33,9,12,15,129,5.0,968.0
242,3,2.0,170.0,940000,-36.8780671,174.7776435,21,21,21,9,15,6,90,6.0,984.0
243,3,2.0,400.0,940000,-36.788751700000006,174.69266090000002,60,18,42,39,24,33,210,4.0,945.0
244,3,2.0,400.0,940000,-36.788751700000006,174.69266090000002,60,18,42,39,24,33,210,4.0,945.0
245,3,1.0,152.0,1160000,-36.8725755,174.8199281,72,15,33,33,24,48,219,1.0,870.0
246,3,3.0,922.0,1650000,-36.8113451,174.71582800000002,30,30,27,27,24,48,189,6.0,976.0
247,4,3.0,428.0,960000,-36.6170889,174.7922216,60,15,21,33,33,63,225,6.0,977.0
248,4,1.0,5088.0,1900000,-36.6083432,174.8071064,36,6,9,18,33,39,141,1.0,882.0
249,4,3.0,523.0,570000,-37.2380653,175.012596,9,18,12,6,21,18,87,1.0,893.0
250,4,2.0,507.0,850000,-37.257721999999994,174.9388626,72,27,18,24,27,6,177,8.0,1053.0
251,2,1.0,70.0,670000,-36.898975899999996,174.9106721,33,18,12,12,21,33,132,7.0,1008.0
252,3,2.0,167.0,1650000,-36.8728739,174.8072187,39,12,12,24,21,24,123,2.0,919.0
253,4,2.0,956.0,990000,-36.902183,174.7117372,66,60,42,30,24,24,255,7.0,1026.0
254,3,1.0,822.0,990000,-36.773546200000006,174.7230032,27,15,33,15,9,15,117,6.0,989.0
255,4,1.0,613.0,650000,-37.0279286,174.86182230000003,96,27,42,15,15,24,219,10.0,1324.0
256,2,1.0,814.0,750000,-36.8458463,174.60943480000003,45,36,30,27,18,21,171,9.0,1109.0
257,3,1.0,718.0,650000,-36.954143,174.83870280000002,66,48,36,30,21,36,240,10.0,1197.0
258,3,1.0,1358.0,1820000,-36.8788108,174.69515019999997,33,21,33,36,30,21,174,2.0,901.0
259,2,1.0,365.0,1175000,-36.8953984,174.7989407,30,42,33,12,6,24,141,6.0,994.0
260,3,2.0,314.0,1140000,-36.89394,174.84338449999998,48,15,30,36,9,21,159,5.0,960.0
261,4,2.0,872.0,1245000,-36.8842814,175.0094947,48,3,15,30,12,9,105,1.0,858.0
262,3,2.0,388.0,680000,-36.8218485,174.6252384,39,30,21,15,15,9,129,8.0,1064.0
263,5,3.0,416.0,2300000,-36.8603424,174.8532553,48,12,24,30,18,39,177,3.0,923.0
264,4,3.0,254.0,2175000,-36.8846936,174.7175628,36,21,24,30,18,24,147,5.0,959.0
265,4,3.0,254.0,2775000,-36.8846936,174.7175628,36,21,24,30,18,24,147,5.0,959.0
266,6,3.0,602.0,6400000,-36.8699368,174.78892050000002,36,6,6,18,21,30,129,1.0,881.0
267,3,2.0,742.0,950000,-36.8734548,174.5973287,36,27,21,24,27,36,171,3.0,926.0
268,3,2.0,186.0,900000,-36.9201159,174.75969609999999,78,42,54,36,30,42,270,5.0,975.0
269,4,3.0,204.0,640000,-36.963376700000005,174.82711930000002,69,36,15,21,12,15,165,9.0,1099.0
270,4,3.0,204.0,640000,-36.963376700000005,174.82711930000002,69,36,15,21,12,15,165,9.0,1099.0
271,4,2.0,902.0,2450000,-36.8686782,174.8757624,39,15,9,27,30,27,141,2.0,907.0
272,3,1.0,921.0,1600000,-36.8687323,174.87550480000002,39,15,9,27,30,27,141,2.0,907.0
273,3,1.0,714.0,1450000,-36.866313500000004,174.7172836,63,21,21,36,33,18,189,3.0,922.0
274,5,3.0,1501.0,1730000,-36.934496700000004,175.1875645,15,15,3,15,36,33,120,3.0,931.0
275,4,2.0,2566.0,1250000,-37.18291970000001,174.82619509999998,90,21,63,48,27,48,291,1.0,871.0
276,4,2.0,695.0,930000,-37.185345299999994,174.82719430000003,90,21,63,48,27,48,291,1.0,871.0
277,3,1.0,150.0,710000,-36.915392600000004,174.6740353,57,42,27,33,24,33,207,8.0,1034.0
278,4,2.0,133.0,1280000,-36.8817233,174.74389299999999,57,30,15,27,30,15,174,6.0,977.0
279,2,1.0,359.0,1400000,-36.871350799999995,174.75929430000002,30,27,39,21,6,12,141,6.0,993.0
280,4,2.0,400.0,1800000,-36.85468770000001,174.8386994,33,6,12,18,21,36,132,1.0,890.0
281,3,2.0,1618.0,1080000,-36.7933277,175.0791116,39,9,24,21,24,51,171,6.0,989.0
282,4,2.0,253.0,720000,-37.001727100000004,174.9036267,45,33,24,21,30,30,186,4.0,941.0
283,4,2.0,2856.0,1270000,-36.931383600000004,174.63750880000003,54,12,15,30,24,18,153,2.0,915.0
284,7,4.0,399.0,1450000,-36.968270000000004,174.9306696,126,72,90,51,36,42,414,5.0,956.0
285,4,2.0,115.0,1000000,-36.9011595,174.7359376,57,36,30,18,15,24,183,9.0,1128.0
286,3,3.0,635.0,710000,-37.020591499999995,174.8684589,96,39,21,33,15,21,225,10.0,1218.0
287,4,2.0,600.0,1055000,-36.759316299999995,174.71186469999998,66,33,39,27,42,51,255,2.0,906.0
288,5,2.0,883.0,1560000,-36.87510579999999,174.91412340000002,30,15,12,18,39,45,162,3.0,929.0
289,3,2.0,130.0,720000,-36.8563101,174.730722,21,39,39,21,21,12,156,5.0,959.0
290,5,5.0,659.0,1750000,-36.6050069,174.6740986,66,21,21,33,18,18,174,3.0,921.0
291,5,4.0,557.0,1675000,-36.681093100000005,174.73887919999999,27,12,21,21,12,21,117,2.0,909.0
292,5,4.0,608.0,2075000,-36.685947600000006,174.7427924,27,12,21,21,12,21,117,2.0,909.0
293,4,1.0,862.0,1000000,-36.79001470000001,175.02728390000001,30,24,15,24,21,24,144,4.0,939.0
294,3,1.0,1055.0,830000,-36.7893761,175.0281423,30,24,15,24,21,24,144,4.0,939.0
295,3,2.0,402.0,710000,-36.9114342,174.6378628,57,18,36,33,15,18,174,7.0,1004.0
296,3,1.0,701.0,1425000,-36.8718357,174.7366601,48,54,51,27,12,12,201,5.0,969.0
297,3,2.0,256.0,3275000,-36.8807382,174.7981463,12,12,6,9,15,33,87,1.0,885.0
298,3,1.0,285.0,880000,-36.8815435,174.8228154,36,27,27,24,9,33,168,3.0,935.0
299,5,4.0,452.0,1175000,-36.580596899999996,174.6722249,36,6,12,27,18,33,141,1.0,856.0
300,2,1.0,605.0,640000,-36.871876,174.5890894,66,21,33,27,6,9,153,10.0,1162.0
301,3,1.0,1343.0,1335000,-36.8930616,174.6863771,66,42,33,27,21,21,216,9.0,1132.0
302,5,3.0,766.0,965000,-37.093205600000005,174.9445781,87,45,57,45,30,45,312,2.0,916.0
303,4,1.0,1437.0,920000,-36.769887100000005,174.5509508,30,12,12,18,15,15,108,1.0,888.0
304,4,2.0,702.0,1150000,-36.762716299999994,174.5340476,84,30,54,36,42,42,291,1.0,857.0
305,4,2.0,451.0,1260000,-36.9270196,174.6492794,75,18,18,51,33,24,228,1.0,889.0
306,2,2.0,123.0,18000000,-36.8927725,174.77979109999998,3,9,15,6,15,21,60,4.0,950.0
307,5,4.0,505.0,1600000,-36.8931018,174.8022017,33,18,24,30,30,21,150,7.0,1017.0
308,4,2.0,221.0,720000,-36.982632,174.796744,123,51,48,27,24,21,300,9.0,1117.0
310,4,2.0,191.0,530000,-36.798371200000005,174.64743,60,66,60,24,24,18,252,2.0,911.0
312,2,1.0,80.0,580000,-36.9718136,174.8320786,54,30,39,15,27,39,201,8.0,1043.0
313,3,2.0,1528.0,770000,-36.9772792,174.63167719999998,27,3,18,30,15,12,108,2.0,909.0
314,1,1.0,54.0,560000,-36.8466718,174.75996809999998,6,63,60,18,18,18,183,4.0,945.0
315,4,1.0,2342.0,1360000,-36.9586578,174.6493112,36,15,9,21,21,33,138,2.0,905.0
316,3,1.0,1884.0,720000,-36.8745465,174.550974,33,24,15,24,39,36,156,4.0,943.0
317,4,2.0,847.0,2000000,-36.891025799999994,174.92200649999998,45,27,24,24,42,45,210,2.0,918.0
318,5,3.0,1629.0,2300000,-36.890492,174.9226706,45,27,24,24,42,45,210,2.0,918.0
319,3,1.0,293.0,700000,-36.9294147,174.7245278,66,45,39,30,24,27,222,5.0,962.0
320,6,4.0,409.0,1375000,-36.9761204,174.9157279,117,81,90,60,27,39,423,2.0,905.0
321,4,2.0,650.0,870000,-36.8948354,174.8591483,21,9,15,3,24,12,87,10.0,1182.0
322,4,2.0,815.0,1425000,-36.885200700000006,174.98930009999998,57,12,6,45,30,33,177,1.0,850.0
323,4,3.0,275.0,1825000,-36.8400283,174.7420513,12,24,36,15,27,45,159,2.0,911.0
324,3,1.0,1300.0,3600000,-36.8402456,174.7421394,12,24,36,15,27,45,159,2.0,911.0
325,3,2.0,179.0,1575000,-36.8659995,174.7375053,30,33,33,18,15,15,135,2.0,902.0
326,3,1.0,89.0,410000,-36.6143145,174.8032398,36,21,30,24,21,36,165,8.0,1049.0
327,4,2.0,644.0,1100000,-36.9593057,174.9341799,108,39,72,69,30,33,351,2.0,906.0
328,5,3.0,539.0,1225000,-36.9595355,174.93410569999998,108,39,72,69,30,33,351,2.0,906.0
329,3,1.0,451.0,640000,-36.8495702,174.6102219,57,21,36,21,15,18,168,7.0,1004.0
330,3,2.0,1006.0,870000,-36.7925349,174.6953357,48,21,24,30,18,21,168,8.0,1055.0
331,3,2.0,809.0,1325000,-36.8906925,174.93480780000002,27,9,12,12,12,45,117,3.0,931.0
332,3,1.0,80.0,500000,-36.9624846,174.793161,93,39,18,24,24,24,225,10.0,1216.0
333,3,1.0,556.0,1950000,-36.862159399999996,174.74280919999998,33,39,39,21,27,9,165,4.0,946.0
334,5,2.0,471.0,2075000,-36.8632281,174.7416011,33,39,39,21,27,9,165,4.0,946.0
335,4,3.0,195.0,1450000,-36.8589527,174.7800434,30,51,48,21,15,15,180,5.0,956.0
336,4,2.0,1603.0,740000,-37.0793779,175.0703464,57,30,24,27,21,39,207,3.0,929.0
337,4,2.0,574.0,1000000,-37.052032000000004,174.87727890000002,117,36,69,57,51,42,381,3.0,926.0
338,3,1.0,89.0,420000,-36.8549925,174.643131,45,30,21,21,18,21,156,7.0,1006.0
339,4,1.0,814.0,840000,-36.855803,174.642841,45,30,21,21,18,21,156,7.0,1006.0
340,3,1.0,90.0,600000,-36.8547334,174.643806,45,30,21,21,18,21,156,7.0,1006.0
341,3,1.0,80.0,450000,-37.0165899,174.8721467,75,54,24,27,15,30,228,9.0,1114.0
342,5,3.0,581.0,1100000,-36.5815524,174.6899519,24,12,9,12,15,36,111,7.0,1011.0
343,2,1.0,79.0,820000,-36.8791334,174.8226494,33,24,27,30,6,18,132,4.0,953.0
344,3,1.0,360.0,660000,-36.952785,174.803846,57,24,27,18,21,27,177,10.0,1168.0
345,5,2.0,650.0,1325000,-36.9230544,174.9049592,39,27,30,21,27,27,171,2.0,909.0
346,4,2.0,675.0,1150000,-36.8975677,174.9186666,48,33,30,21,24,21,177,6.0,999.0
347,4,3.0,150.0,990000,-36.802913700000005,174.73397649999998,27,15,36,18,15,30,147,2.0,905.0
348,5,3.0,315.0,1100000,-36.7905871,174.61712250000002,66,162,63,24,12,21,351,3.0,924.0
349,2,2.0,103.0,750000,-36.8637961,174.7559946,15,57,72,18,6,6,174,4.0,940.0
350,4,3.0,450.0,1280000,-36.889838700000006,174.91784769999998,39,12,18,21,33,30,150,3.0,927.0
351,3,2.0,140.0,900000,-36.709942299999994,174.740653,36,33,33,30,30,51,207,3.0,935.0
352,4,2.0,974.0,1380000,-36.859434,174.90194440000002,33,12,9,21,30,30,138,6.0,983.0
353,3,2.0,178.0,1195000,-36.9193537,174.8890656,75,39,51,30,27,33,258,6.0,986.0
354,3,2.0,1077.0,1025000,-36.887128499999996,174.69160290000002,33,30,24,27,12,18,147,7.0,1012.0
355,4,1.0,550.0,850000,-36.8874761,174.6913819,33,30,24,27,12,18,147,7.0,1012.0
356,4,3.0,417.0,1260000,-36.9002271,174.9206737,30,15,12,15,18,57,147,6.0,996.0
357,3,1.0,80.0,500000,-37.0172609,174.88889269999999,78,90,48,24,24,30,291,9.0,1100.0
358,5,4.0,1047.0,3000000,-36.6246261,174.80340859999998,27,18,27,12,9,33,129,1.0,886.0
359,4,2.0,576.0,1900000,-36.855118100000006,174.82824440000002,39,15,27,33,18,42,171,2.0,918.0
360,3,1.0,335.0,540000,-36.8444566,174.6231946,57,24,24,30,15,12,165,10.0,1143.0
361,3,1.0,80.0,480000,-36.973832,174.8415098,63,39,39,21,15,12,189,9.0,1087.0
362,3,1.0,70.0,490000,-36.9799062,174.8256274,60,30,27,21,12,27,177,10.0,1191.0
363,4,1.0,129.0,1775000,-36.8950614,174.71025649999999,33,21,15,27,15,21,126,3.0,937.0
364,3,1.0,80.0,500000,-36.9733379,174.7957699,96,27,39,33,27,24,249,9.0,1130.0
365,3,1.0,495.0,690000,-36.919883899999995,174.66132109999998,24,6,24,15,6,15,105,5.0,968.0
366,4,2.0,848.0,890000,-37.01195560000001,174.9131413,45,39,24,21,36,27,195,4.0,943.0
367,2,1.0,90.0,630000,-36.8170459,174.7326281,24,18,15,15,30,30,135,2.0,907.0
368,3,1.0,86.0,490000,-36.9018811,174.75893530000002,9,21,15,18,3,42,111,7.0,1000.0
369,4,4.0,697.0,1425000,-36.8988174,174.74959219999997,24,33,27,15,12,9,117,7.0,999.0
370,5,5.0,415.0,2300000,-36.725024700000006,174.7481043,48,39,24,30,33,27,198,2.0,913.0
371,3,1.0,73.0,650000,-36.9028184,174.709662,45,30,30,21,21,24,168,7.0,1015.0
372,3,1.0,90.0,495000,-37.0155102,174.87758159999998,66,45,27,12,27,30,198,10.0,1193.0
373,5,4.0,740.0,2625000,-36.8754184,174.8349235,45,24,6,33,27,39,171,1.0,889.0
374,5,2.0,809.0,1100000,-36.96529879999999,174.85797340000002,78,63,60,27,30,48,306,7.0,1020.0
375,5,3.0,1310.0,3900000,-36.8735266,174.7670636,90,33,12,15,27,45,219,2.0,918.0
376,4,3.0,303.0,1160000,-36.83828270000001,174.65450969999998,39,12,24,24,12,24,138,7.0,1029.0
377,3,1.0,675.0,980000,-36.8384958,174.65464369999998,39,12,24,24,12,24,138,7.0,1029.0
378,4,2.0,502.0,1150000,-36.81402620000001,174.6412919,60,36,18,36,42,36,213,1.0,886.0
379,3,1.0,80.0,580000,-36.9273044,174.8495935,57,45,33,21,18,21,195,10.0,1175.0
380,3,1.0,353.0,1450000,-36.9773939,174.87510680000003,33,39,21,12,21,3,135,10.0,1166.0
381,5,3.0,325.0,660000,-36.98017120000001,174.9361137,21,18,9,15,6,6,78,7.0,1010.0
382,7,5.0,398.0,700000,-36.9766548,174.9241208,21,18,9,15,6,6,78,7.0,1010.0
383,7,5.0,428.0,1475000,-36.9806461,174.9295512,21,18,9,15,6,6,78,7.0,1010.0
384,5,4.0,325.0,660000,-36.9794367,174.9359015,21,18,9,15,6,6,78,7.0,1010.0
385,5,4.0,325.0,660000,-36.979867299999995,174.935215,21,18,9,15,6,6,78,7.0,1010.0
386,4,2.0,180.0,1625000,-36.873373,174.79337560000002,57,27,15,18,30,27,180,4.0,937.0
387,5,3.0,632.0,4650000,-36.845758200000006,174.745697,30,15,24,36,39,51,198,2.0,902.0
388,3,1.0,383.0,750000,-36.8200841,174.6256524,69,21,42,18,9,6,162,8.0,1047.0
389,3,2.0,391.0,2125000,-36.868233000000004,174.7830276,24,24,18,18,24,12,123,1.0,885.0
390,3,2.0,314.0,280000,-37.2066601,174.88451919999997,87,60,81,45,39,42,345,5.0,957.0
391,4,2.0,556.0,740000,-36.414085799999995,174.7242024,57,15,27,33,30,105,261,5.0,961.0
392,3,2.0,810.0,810000,-36.4148331,174.7238749,57,15,27,33,30,105,261,5.0,961.0
393,6,3.0,852.0,1325000,-36.6026993,174.802068,45,15,24,33,39,54,210,1.0,894.0
394,3,1.0,141.0,1300000,-36.8531726,174.82464330000002,27,24,24,15,18,24,135,5.0,961.0
395,4,1.0,808.0,840000,-37.049152500000005,174.9108138,33,15,12,15,21,33,132,3.0,931.0
396,5,3.0,1148.0,4000000,-36.8685549,174.8798402,45,15,9,27,21,45,165,2.0,898.0
397,3,2.0,985.0,1425000,-37.2612474,174.93893880000002,30,12,15,18,15,27,117,5.0,956.0
398,4,2.0,433.0,670000,-37.262183,174.9402622,30,12,15,18,15,27,117,5.0,956.0
399,4,3.0,628.0,1650000,-36.8958961,174.82036530000002,39,27,27,30,15,12,147,5.0,964.0
400,4,2.0,809.0,1425000,-36.8871669,174.92818369999998,39,15,15,18,33,45,159,3.0,924.0
401,3,1.0,392.0,530000,-37.1970898,174.90051730000002,45,27,33,15,24,39,180,9.0,1097.0
402,5,4.0,1272.0,4300000,-36.8648621,174.7985754,39,18,12,18,30,30,150,4.0,938.0
403,4,3.0,408.0,920000,-36.8281956,174.6150304,84,51,69,60,36,39,333,2.0,914.0
404,2,2.0,80.0,700000,-36.8516708,174.7560052,57,270,138,30,15,18,522,8.0,1036.0
405,2,2.0,80.0,430000,-36.8516708,174.7560052,57,270,138,30,15,18,522,8.0,1036.0
406,4,1.0,969.0,670000,-36.970082,174.80525580000003,42,27,12,12,12,9,114,10.0,1209.0
407,4,2.0,101.0,900000,-36.904331799999994,174.68384419999998,33,60,45,24,27,36,225,8.0,1046.0
408,4,2.0,122.0,920000,-36.904331799999994,174.68384419999998,33,60,45,24,27,36,225,8.0,1046.0
409,4,2.0,176.0,940000,-36.904331799999994,174.68384419999998,33,60,45,24,27,36,225,8.0,1046.0
410,4,2.0,101.0,900000,-36.904331799999994,174.68384419999998,33,60,45,24,27,36,225,8.0,1046.0
411,4,2.0,405.0,500000,-36.9530178,174.813736,72,27,15,24,18,6,162,9.0,1088.0
412,3,2.0,108.0,1000000,-36.974782,174.8565882,63,72,42,30,21,48,279,7.0,1010.0
413,7,2.0,2410.0,600000,-37.049080100000005,174.93472769999997,54,42,33,21,15,24,192,9.0,1132.0
414,3,2.0,89.0,2075000,-36.8604806,174.8216994,36,24,27,18,27,39,171,10.0,1143.0
415,3,2.0,89.0,2075000,-36.8604806,174.8216994,36,24,27,18,27,39,171,10.0,1143.0
416,4,2.0,943.0,1790000,-36.8899244,174.9359161,54,18,15,33,24,39,186,2.0,915.0
417,3,1.0,685.0,1260000,-36.8829671,174.81212240000002,48,24,24,39,27,27,195,4.0,943.0
418,4,2.0,214.0,1360000,-36.8832505,174.811194,48,24,24,39,27,27,195,4.0,943.0
419,3,1.0,1445.0,640000,-37.257248,174.7348917,54,15,21,24,24,36,171,7.0,1021.0
420,6,3.0,622.0,1150000,-36.9865073,174.9049914,60,45,42,33,24,18,213,7.0,1011.0
421,5,4.0,1998.0,7000000,-36.863985,174.8519671,51,27,9,21,42,51,192,1.0,851.0
422,5,4.0,818.0,3600000,-36.862909,174.85108369999998,51,27,9,21,42,51,192,1.0,851.0
423,4,3.0,399.0,1175000,-36.9257759,174.74583940000002,66,57,63,24,33,54,297,8.0,1032.0
424,8,4.0,990.0,1250000,-36.926492100000004,174.74812980000002,66,57,63,24,33,54,297,8.0,1032.0
425,5,3.0,842.0,1125000,-36.9254157,174.7467049,66,57,63,24,33,54,297,8.0,1032.0
426,3,1.0,875.0,835000,-36.867483299999996,174.62131069999998,54,30,27,27,15,21,183,9.0,1074.0
427,3,1.0,406.0,1450000,-36.8895914,174.7520841,36,27,21,27,12,24,150,4.0,942.0
428,3,2.0,187.0,2750000,-36.855511299999996,174.78838090000002,42,24,27,27,21,57,195,1.0,886.0
429,3,2.0,402.0,1050000,-36.893851700000006,174.92262019999998,21,18,3,15,15,24,96,3.0,936.0
430,2,1.0,71.0,560000,-36.9795206,174.87921210000002,33,21,21,18,12,21,126,8.0,1065.0
431,4,1.0,690.0,650000,-36.964788899999995,174.8096399,69,15,27,30,15,12,168,10.0,1139.0
432,3,1.0,825.0,765000,-36.992290600000004,174.858979,30,30,12,12,3,6,105,8.0,1060.0
433,4,1.0,818.0,550000,-37.028742,174.8752312,84,39,33,27,21,24,222,10.0,1217.0
434,3,1.0,90.0,490000,-37.037966100000006,174.9289185,75,36,24,30,24,24,225,10.0,1162.0
435,3,1.0,842.0,830000,-36.8972398,174.6707393,54,24,24,27,33,24,183,6.0,977.0
436,4,2.0,761.0,1575000,-36.618976,174.7738847,30,6,15,12,18,30,111,4.0,942.0
437,2,1.0,755.0,960000,-36.618976,174.7738847,30,6,15,12,18,30,111,4.0,942.0
438,3,1.0,602.0,1550000,-36.864796999999996,174.73345890000002,21,54,33,21,15,24,174,7.0,1010.0
439,3,1.0,658.0,695000,-36.7950265,174.69399840000003,48,15,12,18,15,9,117,8.0,1051.0
440,5,2.0,880.0,1875000,-36.8703363,174.8294094,21,9,12,15,18,27,102,1.0,874.0
441,4,3.0,1750.0,6500000,-36.8661752,174.84977959999998,42,21,12,21,39,39,174,1.0,873.0
442,4,3.0,1531.0,3550000,-36.86712120000001,174.8476095,42,21,12,21,39,39,174,1.0,873.0
443,3,1.0,675.0,540000,-37.0267161,174.88453619999999,72,36,24,18,15,18,177,10.0,1216.0
444,2,1.0,921.0,920000,-36.784985799999994,175.0462789,30,15,9,24,15,30,123,7.0,1008.0
445,4,4.0,567.0,1750000,-37.062185,174.9214206,33,12,15,21,18,30,129,1.0,885.0
446,4,2.0,607.0,1300000,-36.888343400000004,174.8198618,42,12,36,24,12,33,153,3.0,935.0
447,4,1.0,1014.0,2550000,-36.8851289,174.9011172,54,9,18,30,36,51,201,4.0,946.0
448,4,3.0,734.0,1350000,-36.8891292,174.89535880000003,51,21,18,30,21,21,162,5.0,965.0
449,5,4.0,336.0,545000,-36.801329100000004,174.666149,33,30,24,15,12,18,135,4.0,944.0
450,5,3.0,244.0,2325000,-37.0310912,174.8725122,90,33,24,21,21,3,192,10.0,1141.0
451,4,2.0,594.0,1100000,-36.939972,174.9131935,33,18,15,27,12,21,126,4.0,956.0
452,4,2.0,784.0,1825000,-36.8785526,174.736405,27,66,72,30,12,18,228,3.0,934.0
453,5,3.0,202.0,1450000,-36.988448999999996,174.84477080000002,63,39,36,9,15,6,168,10.0,1174.0
454,4,2.0,469.0,1725000,-36.8678378,174.80235969999998,45,30,15,24,21,27,168,2.0,909.0
455,3,1.0,690.0,1150000,-36.89801,174.89069540000003,45,12,15,33,12,15,135,3.0,921.0
456,3,2.0,238.0,2450000,-36.8570908,174.8502488,36,18,9,21,27,66,174,3.0,935.0
457,3,2.0,1191.0,2100000,-37.065132899999995,174.9140949,30,18,18,21,27,30,147,1.0,895.0
458,4,3.0,572.0,1550000,-37.06610560000001,174.91237180000002,30,18,18,21,27,30,147,1.0,895.0
459,2,1.0,5210.0,730000,-36.6792597,174.4379383,39,24,18,24,27,30,162,4.0,942.0
460,4,2.0,450.0,1125000,-36.8005504,174.6451824,12,12,9,6,9,75,129,7.0,1010.0
461,4,2.0,130.0,650000,-37.0144149,174.8894841,78,42,39,24,24,21,228,8.0,1037.0
462,3,1.0,81.0,830000,-36.7285787,174.73024640000003,36,36,33,27,27,30,183,5.0,968.0
463,2,1.0,84.0,1060000,-36.8551765,174.81299669999999,15,27,12,6,30,27,120,3.0,923.0
464,4,2.0,417.0,1325000,-36.922951700000006,174.92284850000001,15,9,15,3,15,483,534,6.0,992.0
465,3,1.0,361.0,600000,-37.0383231,174.916708,51,36,24,18,6,18,150,7.0,1023.0
466,4,2.0,5175.0,2300000,-36.7827438,175.0620241,39,21,15,30,24,60,189,1.0,893.0
467,5,2.0,174.0,1090000,-36.907443900000004,174.7156062,36,36,27,12,15,27,147,8.0,1053.0
468,6,4.0,465.0,2075000,-37.201272700000004,174.8158397,42,15,18,27,21,33,150,5.0,962.0
469,3,1.0,110.0,530000,-37.0254779,174.899302,54,33,27,27,12,12,162,10.0,1228.0
470,5,3.0,589.0,1130000,-37.008384899999996,174.9171628,48,36,27,21,27,24,183,3.0,927.0
471,4,2.0,451.0,835000,-36.9209739,174.6637504,42,21,21,24,21,21,150,6.0,980.0
472,6,3.0,1265.0,1690000,-37.0491615,174.89424590000002,42,21,18,15,12,42,150,5.0,956.0
473,3,1.0,100.0,612000,-36.8807816,174.6550089,48,24,39,21,24,33,189,9.0,1079.0
474,5,3.0,1405.0,1100000,-36.776875700000005,174.717903,54,54,42,21,27,30,231,3.0,937.0
475,2,1.0,70.0,510000,-36.907872999999995,174.8431008,36,42,36,30,12,15,180,3.0,925.0
476,5,3.0,536.0,980000,-36.9657304,174.864446,45,24,30,15,18,6,141,8.0,1056.0
477,5,2.0,819.0,3075000,-36.8794045,174.80698280000001,30,9,6,24,24,18,114,1.0,856.0
478,4,2.0,612.0,1000000,-36.608833399999995,174.6836301,48,3,12,33,15,24,132,1.0,850.0
479,5,4.0,354.0,1275000,-36.967034399999996,174.9359253,108,63,93,63,30,51,408,1.0,889.0
480,2,1.0,85.0,740000,-36.8520455,174.8302353,18,18,9,15,18,36,111,3.0,929.0
481,4,4.0,827.0,5300000,-36.853008700000004,174.8295425,18,18,9,15,18,36,111,3.0,929.0
482,5,3.0,479.0,2550000,-36.85383220000001,174.82258969999998,54,18,15,15,21,27,156,9.0,1124.0
483,4,3.0,277.0,1725000,-36.8898532,174.81645880000002,48,33,48,30,18,27,204,3.0,932.0
484,4,3.0,543.0,3500000,-36.8462688,174.86509880000003,66,18,30,33,39,45,228,1.0,893.0
485,3,2.0,449.0,3100000,-36.8463819,174.8625265,66,18,30,33,39,45,228,1.0,893.0
486,1,1.0,70.0,445000,-37.0391848,174.8809426,120,42,42,27,27,33,291,10.0,1176.0
487,2,2.0,809.0,750000,-37.0030833,174.573895,84,21,45,54,51,60,321,4.0,940.0
488,3,2.0,130.0,1575000,-36.89294,174.79404269999998,57,30,30,30,33,21,207,4.0,944.0
489,4,2.0,1055.0,1500000,-36.9278156,174.7295621,51,33,27,27,21,39,201,5.0,973.0
490,4,2.0,11759.0,1700000,-36.7114221,174.68332719999998,18,9,9,9,21,15,84,2.0,907.0
491,2,2.0,1051.0,1275000,-36.919146500000004,174.7643573,24,33,24,15,21,15,132,4.0,948.0
492,4,1.0,566.0,660000,-36.972631799999995,174.82683169999999,78,39,33,27,30,21,228,8.0,1067.0
493,3,1.0,919.0,640000,-36.9117146,174.7022303,48,42,33,27,36,39,213,4.0,951.0
494,4,3.0,150.0,999000,-36.904061799999994,174.71738180000003,27,27,21,18,24,12,141,7.0,1018.0
495,4,2.0,150.0,999000,-36.904061799999994,174.71738180000003,27,27,21,18,24,12,141,7.0,1018.0
496,3,1.0,5638.0,580000,-36.177654700000005,175.3590697,39,9,18,24,24,42,153,9.0,1093.0
497,3,2.0,373.0,820000,-36.9671685,174.8649469,45,30,27,21,18,15,165,9.0,1097.0
498,4,4.0,603.0,3700000,-36.902012400000004,174.76128559999998,36,15,6,21,18,30,135,1.0,883.0
499,5,2.0,1203.0,660000,-36.9005066,174.7601404,36,15,6,21,18,30,135,1.0,883.0
500,3,3.0,541.0,1600000,-36.9017294,174.76061819999998,36,15,6,21,18,30,135,1.0,883.0
501,4,2.0,718.0,850000,-37.0756141,174.9473467,54,18,24,33,30,51,210,6.0,985.0
502,6,4.0,1284.0,4400000,-36.883145500000005,174.7933358,30,30,3,15,15,18,108,6.0,998.0
503,2,2.0,1232.0,1850000,-36.786035299999995,175.0185042,21,9,12,21,18,48,126,4.0,951.0
504,4,3.0,928.0,3550000,-36.873779799999994,174.7963636,66,12,3,33,45,36,198,1.0,877.0
505,3,1.0,90.0,540000,-37.0637794,174.9590698,81,48,45,27,30,27,261,9.0,1091.0
506,4,2.0,872.0,900000,-36.9978874,174.9029335,45,36,24,24,39,42,207,3.0,934.0
507,4,2.0,782.0,1550000,-36.900187200000005,174.8813948,42,12,12,27,27,27,159,2.0,909.0
508,4,3.0,309.0,920000,-37.0817356,174.902696,21,0,6,21,12,15,75,5.0,965.0
509,5,3.0,480.0,1500000,-36.6902805,174.7422363,57,24,36,30,30,24,198,2.0,902.0
510,5,3.0,465.0,1450000,-36.6903871,174.7420748,57,24,36,30,30,24,198,2.0,902.0
511,5,4.0,488.0,610000,-36.8591469,174.81405619999998,24,15,18,18,18,33,126,6.0,979.0
512,1,1.0,4737.0,710000,-36.7852451,175.04199219999998,27,9,18,18,24,48,144,6.0,989.0
513,3,1.0,1464.0,1175000,-36.9798783,174.8691556,51,39,30,21,21,30,195,8.0,1063.0
514,4,2.0,1019.0,1000000,-37.0098989,174.9140007,45,27,21,21,42,42,189,3.0,921.0
515,4,2.0,771.0,1030000,-37.0094625,174.9125187,45,27,21,21,42,42,189,3.0,921.0
516,3,2.0,874.0,840000,-36.97466970000001,174.83922130000002,39,30,30,9,9,9,120,9.0,1116.0
517,4,2.0,1061.0,1025000,-36.6100686,174.78517490000002,45,12,15,27,30,51,171,2.0,899.0
518,3,2.0,985.0,1125000,-36.6990528,174.72989740000003,51,36,24,42,30,18,201,3.0,931.0
519,5,3.0,20226.0,2975000,-37.02897279999999,174.9313296,51,24,21,18,27,30,174,9.0,1084.0
520,3,1.0,1292.0,5200000,-36.8455501,174.7296588,45,9,12,33,30,24,159,2.0,912.0
521,4,2.0,2861.0,1250000,-36.8978289,174.63568130000002,42,33,27,21,15,15,147,7.0,1011.0
522,2,1.0,104.0,800000,-36.8748599,174.83010890000003,12,12,9,9,12,90,150,1.0,887.0
523,3,2.0,619.0,860000,-37.0439703,174.8906819,27,6,15,15,9,30,99,2.0,901.0
524,3,1.0,70.0,475000,-36.945907299999995,174.8425462,57,36,39,27,30,39,225,10.0,1241.0
525,3,2.0,905.0,1175000,-36.945839,174.77864069999998,42,21,33,27,21,36,189,4.0,944.0
526,3,2.0,238.0,3375000,-36.8682435,174.80536919999997,27,15,3,12,24,30,105,5.0,970.0
527,5,4.0,274.0,1050000,-37.03813579999999,174.888505,102,24,27,21,9,15,201,10.0,1286.0
528,3,2.0,714.0,640000,-37.0284281,174.9010774,36,36,24,18,9,21,138,9.0,1137.0
529,3,2.0,714.0,640000,-37.0284281,174.9010774,36,36,24,18,9,21,138,9.0,1137.0
530,3,1.0,675.0,580000,-37.0278558,174.9005844,36,36,24,18,9,21,138,9.0,1137.0
531,3,1.0,607.0,1060000,-36.8746381,174.8487666,51,30,45,30,21,27,189,7.0,1026.0
532,6,3.0,515.0,810000,-37.053133,174.9336381,84,45,21,21,21,33,231,10.0,1256.0
533,5,3.0,208.0,350000,-37.0312948,174.8722419,69,30,24,15,18,9,156,10.0,1240.0
534,4,2.0,382.0,2450000,-36.8587355,174.8300794,36,15,12,15,30,27,132,1.0,883.0
535,3,1.0,100.0,640000,-36.9163925,174.64256630000003,60,24,33,30,21,12,177,9.0,1115.0
536,3,1.0,245.0,690000,-37.265020899999996,174.9412405,75,30,21,18,9,9,162,10.0,1243.0
537,3,1.0,80.0,510000,-37.0140865,174.88496919999997,54,33,24,15,21,21,162,8.0,1030.0
538,5,3.0,575.0,2575000,-36.8782757,174.8215358,39,18,27,21,21,33,162,1.0,870.0
539,5,3.0,698.0,2100000,-36.8778505,174.82160480000002,39,18,27,21,21,33,162,1.0,870.0
540,4,3.0,555.0,800000,-37.1911305,174.9089261,63,27,36,21,18,12,183,5.0,960.0
541,3,1.0,600.0,680000,-36.6858441,174.45112360000002,69,24,30,30,21,60,240,6.0,982.0
542,3,1.0,139.0,600000,-36.941888299999995,174.8549182,57,24,21,15,27,30,177,10.0,1189.0
543,5,3.0,750.0,3430000,-36.8768054,174.9147934,48,30,9,27,39,24,171,4.0,938.0
544,5,2.0,490.0,2325000,-36.8624487,174.73665730000002,57,24,36,33,18,24,201,5.0,957.0
545,4,2.0,6024.0,1575000,-37.0061204,174.92768080000002,24,15,21,9,24,21,117,2.0,901.0
546,5,3.0,825.0,2475000,-36.8914695,174.92512380000002,39,18,15,12,36,39,159,3.0,936.0
547,3,1.0,451.0,760000,-36.900358600000004,174.67315990000003,39,36,30,24,24,33,183,8.0,1047.0
548,4,2.0,845.0,670000,-37.0493626,174.8609495,60,21,30,9,18,27,162,10.0,1164.0
549,4,3.0,1199.0,3275000,-36.872032899999994,174.7847161,36,18,6,15,24,30,132,1.0,887.0
550,4,2.0,181.0,2100000,-36.8590278,174.8653767,42,12,12,24,24,15,129,2.0,910.0
551,4,3.0,162.0,1600000,-36.8867384,174.76580269999997,54,54,21,30,27,39,231,3.0,929.0
552,4,3.0,773.0,400000,-36.608358200000005,174.7873188,39,21,15,27,27,39,162,3.0,934.0
553,5,3.0,8573.0,1725000,-36.6816528,174.6953589,51,27,12,30,45,30,201,2.0,899.0
554,4,2.0,4000.0,2275000,-36.6864257,174.69043330000002,51,27,12,30,45,30,201,2.0,899.0
555,3,2.0,954.0,1075000,-36.6348536,174.5530938,42,33,24,27,27,30,183,1.0,893.0
556,5,3.0,345.0,480000,-37.0426903,174.9515273,12,9,3,6,3,3,39,6.0,993.0
557,4,3.0,385.0,790000,-37.04132429999999,174.9495094,12,9,3,6,3,3,39,6.0,993.0
558,2,1.0,754.0,1300000,-36.902073,174.75079250000002,57,33,39,24,15,18,186,10.0,1156.0
559,2,2.0,598.0,2100000,-36.858635,174.78779740000002,27,24,9,12,21,36,135,5.0,973.0
560,4,2.0,792.0,780000,-37.13667120000001,174.6983814,42,9,21,18,21,51,159,5.0,960.0
561,2,2.0,959.0,1700000,-36.809948799999994,175.0220949,21,3,9,18,18,45,117,1.0,897.0
562,3,1.0,756.0,1845000,-36.9412992,174.7691481,24,6,6,12,18,39,102,4.0,939.0
563,5,3.0,750.0,1250000,-36.8888495,174.9983924,126,51,66,72,42,48,402,1.0,892.0
564,1,1.0,809.0,740000,-36.793135299999996,175.02600680000003,36,27,15,24,33,45,183,8.0,1047.0
565,2,1.0,1421.0,860000,-36.789125899999995,175.02286030000002,33,18,27,15,30,39,165,4.0,952.0
566,3,2.0,22240.0,1075000,-36.688849600000005,174.3881961,45,12,15,27,27,39,165,3.0,926.0
567,4,2.0,809.0,680000,-37.0233245,174.9085721,57,30,18,18,18,15,156,10.0,1219.0
569,5,3.0,3953.0,920000,-36.25789520000001,175.4364476,27,6,6,18,39,60,156,9.0,1122.0
570,3,2.0,291.0,700000,-36.869014299999996,174.6066264,84,51,45,36,30,36,279,7.0,1008.0
571,4,1.0,343.0,630000,-36.9673457,174.83407869999996,75,51,39,24,30,27,246,9.0,1092.0
572,5,6.0,2268.0,6600000,-36.863925099999996,174.8532993,39,18,15,21,39,30,165,1.0,889.0
573,4,3.0,400.0,450000,-36.7912775,174.71894319999998,60,30,33,36,15,27,210,4.0,945.0
574,3,2.0,200.0,570000,-37.019332,174.8739419,66,33,33,24,21,21,198,10.0,1217.0
575,3,1.0,739.0,540000,-36.9655974,174.8862086,69,45,30,24,15,30,219,9.0,1128.0
576,2,1.0,61.0,480000,-36.987429299999995,174.8611939,39,30,30,18,24,15,159,8.0,1034.0
577,4,3.0,601.0,1850000,-36.8643558,174.8439233,63,24,27,42,39,42,240,2.0,916.0
578,3,2.0,171.0,2250000,-36.8493717,174.8326149,18,12,9,9,21,51,117,1.0,893.0
579,5,3.0,283.0,2600000,-36.8493109,174.8328969,18,12,9,9,21,51,117,1.0,893.0
580,5,3.0,323.0,2100000,-36.6664831,174.6389587,39,21,18,30,24,30,162,3.0,933.0
581,4,3.0,240.0,1975000,-36.811543799999995,175.0832685,30,9,18,27,39,42,168,4.0,950.0
582,4,5.0,641.0,6400000,-36.8290569,175.0742834,30,9,18,27,39,42,168,4.0,950.0
583,2,1.0,922.0,960000,-36.7854027,175.0075094,39,18,33,30,48,63,234,6.0,994.0
584,3,1.0,792.0,1105000,-36.913748999999996,174.7353069,63,42,30,21,24,24,207,10.0,1182.0
585,5,2.0,679.0,690000,-37.2437086,174.7273132,36,15,21,21,21,36,150,5.0,969.0
586,2,1.0,67.0,530000,-36.9878469,174.8600802,36,27,24,15,21,12,135,8.0,1044.0
587,4,1.0,1222.0,610000,-37.0675883,174.9563647,81,30,12,18,18,9,171,10.0,1379.0
588,6,3.0,708.0,1625000,-36.691770700000006,174.74277450000002,78,48,54,39,36,45,297,3.0,925.0
589,4,2.0,313.0,1325000,-36.9676691,174.8347424,87,39,54,33,30,30,273,9.0,1119.0
590,7,3.0,1276.0,2100000,-36.580704,174.6770554,42,30,9,24,30,42,177,2.0,906.0
591,6,4.0,607.0,6200000,-36.4745734,174.69341519999998,27,15,15,21,27,33,135,5.0,963.0
592,2,2.0,598.0,2025000,-36.8590062,174.7829378,18,21,24,15,15,27,126,4.0,938.0
593,6,4.0,384.0,5700000,-36.67639929999999,174.7214825,15,6,12,3,15,6,60,2.0,911.0
594,3,1.0,570.0,1950000,-36.9158546,174.89576530000002,42,15,27,21,15,27,147,3.0,932.0
595,5,3.0,252.0,930000,-36.97586389999999,174.8577844,30,60,24,12,12,18,156,6.0,997.0
596,3,3.0,1024.0,1300000,-36.8954544,174.93952990000003,36,9,12,18,21,36,135,4.0,937.0
597,1,1.0,675.0,970000,-36.710444700000004,174.7455523,27,27,21,15,42,60,195,4.0,945.0
598,4,2.0,726.0,1100000,-36.8204815,174.6343895,57,27,27,18,21,18,171,7.0,1027.0
599,4,2.0,244.0,1625000,-36.801925,174.49926159999998,48,12,12,24,39,30,162,4.0,944.0
600,3,1.0,100.0,880000,-36.902310799999995,174.72873140000002,36,30,15,12,24,12,123,10.0,1189.0
601,3,1.0,961.0,1725000,-36.9016281,174.7299846,36,30,15,12,24,12,123,10.0,1189.0
602,4,3.0,1265.0,4110000,-36.693217499999996,174.7575555,30,24,12,18,36,54,174,1.0,897.0
603,2,1.0,1738.0,1400000,-36.928577399999995,174.7582314,45,21,18,18,27,36,165,2.0,916.0
604,3,2.0,236.0,1550000,-36.873544200000005,174.801453,27,33,24,18,27,18,156,3.0,931.0
605,3,2.0,260.0,610000,-37.0300709,174.8998782,60,48,33,27,21,18,216,9.0,1093.0
606,3,1.0,1151.0,920000,-36.785718200000005,175.0278159,30,30,30,33,21,45,189,4.0,954.0
607,4,3.0,163.0,645000,-36.9081354,174.8899885,54,36,33,18,18,15,174,5.0,974.0
608,3,2.0,532.0,1300000,-36.6150797,174.67503080000003,0,0,0,0,0,0,21,8.0,1033.0
609,4,2.0,1513.0,890000,-36.409687,174.6729053,42,15,9,21,15,27,132,1.0,867.0
610,2,1.0,806.0,580000,-36.798819200000004,175.0872079,42,9,18,21,27,42,156,6.0,999.0
611,17,8.0,1596.0,760000,-36.8836131,174.7388892,21,21,18,21,9,12,111,6.0,988.0
612,4,2.0,1143.0,875000,-36.88003629999999,174.6284291,36,15,21,15,24,30,132,9.0,1109.0
613,5,3.0,253.0,890000,-37.020952799999996,174.8830479,87,48,36,24,27,15,234,9.0,1127.0
614,2,1.0,70.0,815000,-36.8960262,174.6410939,57,36,39,21,24,24,204,8.0,1043.0
615,4,3.0,812.0,1484100,-36.85290139999999,174.6487203,42,24,24,21,18,9,138,7.0,1011.0
616,8,4.0,2362.0,1825000,-37.1861371,174.9915621,51,9,18,36,27,42,183,1.0,891.0
617,1,1.0,449.0,570000,-36.949429200000004,174.7751889,45,18,21,24,24,39,165,6.0,996.0
618,4,4.0,460.0,1325000,-36.949429200000004,174.7751889,45,18,21,24,24,39,165,6.0,996.0
619,4,2.0,466.0,1975000,-37.021203,174.8829829,69,39,45,33,21,39,252,9.0,1073.0
620,2,1.0,105.0,990000,-36.883895,174.6970967,39,42,30,24,21,21,180,4.0,939.0
621,4,1.0,1088.0,810000,-36.9268505,174.8554719,42,30,15,21,15,27,153,10.0,1138.0
622,3,2.0,170.0,670000,-36.8276749,174.64436469999998,60,33,33,30,30,30,219,5.0,959.0
623,3,1.0,1012.0,820000,-36.9706356,174.84338400000001,102,63,36,18,21,21,255,9.0,1134.0
624,4,1.0,948.0,740000,-37.038321100000005,174.9206959,78,51,42,18,18,15,219,9.0,1089.0
625,4,3.0,178.0,770000,-36.9708905,174.8513235,33,27,18,15,18,12,129,7.0,1009.0
626,4,2.0,230.0,2050000,-37.1925446,174.9757129,45,21,12,21,39,21,153,2.0,908.0
627,3,2.0,1366.0,270000,-36.7195924,174.94956340000002,0,0,0,0,0,6,27,6.0,991.0
628,2,1.0,40.0,3250000,-36.7196717,174.9515235,0,0,0,0,0,6,27,6.0,991.0
629,3,2.0,184.0,920000,-36.5717005,174.6921667,45,27,12,39,42,57,228,2.0,912.0
630,4,3.0,188.0,1275000,-36.572094,174.69151000000002,45,27,12,39,42,57,228,2.0,912.0
631,5,1.0,1429.0,1355000,-36.9783779,174.87017790000002,54,36,33,21,12,24,180,8.0,1045.0
632,3,2.0,57.0,530000,-36.956313200000004,174.8457959,66,42,39,15,12,12,189,9.0,1134.0
633,2,1.0,1040.0,1080000,-36.8019237,175.1080146,24,3,6,12,27,27,111,5.0,961.0
634,4,3.0,343.0,830000,-36.60987670000001,174.7026638,48,15,15,27,27,69,195,2.0,915.0
635,5,2.0,11000.0,1080000,-36.8484597,174.7633315,15,63,36,6,12,0,138,8.0,1047.0
636,4,2.0,396.0,545000,-36.864999299999994,174.6118191,36,33,12,27,18,15,144,9.0,1077.0
637,6,3.0,809.0,910000,-36.8705171,174.55521930000003,33,24,24,18,36,15,144,1.0,897.0
638,2,1.0,70.0,500000,-36.970710700000005,174.86786519999998,15,30,21,9,18,15,111,9.0,1071.0
639,6,4.0,1201.0,2550000,-36.9303095,174.9267783,57,24,21,24,48,51,222,1.0,880.0
640,5,4.0,450.0,1775000,-36.688455100000006,174.7460598,24,6,12,15,6,3,69,3.0,923.0
641,5,4.0,9107.0,2400000,-36.7700201,174.6594109,36,9,12,15,21,21,120,2.0,907.0
642,2,1.0,809.0,1120000,-36.7859279,175.0117572,27,18,30,24,12,21,126,3.0,927.0
643,5,3.0,394.0,560000,-37.024879299999995,174.893116,30,24,12,24,18,39,144,9.0,1129.0
644,4,3.0,493.0,500000,-36.772106,174.5442431,27,27,30,15,18,21,138,4.0,941.0
645,5,3.0,305.0,2350000,-36.8781069,174.7990534,54,9,9,33,27,75,201,1.0,894.0
646,4,3.0,342.0,1500000,-36.944577100000004,174.7855209,63,27,24,27,27,39,207,6.0,996.0
647,5,3.0,411.0,500000,-37.0152994,174.9106502,33,18,27,18,24,39,165,3.0,925.0
648,5,3.0,491.0,520000,-37.0152994,174.9106502,33,18,27,18,24,39,165,3.0,925.0
649,2,1.0,1070.0,790000,-36.8423596,175.14598180000002,12,0,6,18,24,36,99,4.0,950.0
650,4,3.0,4019.0,1320000,-36.9599266,174.62746769999998,48,12,12,27,27,30,159,2.0,899.0
651,4,1.0,1115.0,1155000,-36.764640500000006,174.7228284,24,9,18,15,6,18,99,3.0,936.0
652,5,4.0,358.0,900000,-36.872083700000005,174.60459980000002,63,33,63,24,33,18,234,5.0,973.0
653,6,2.0,741.0,620000,-37.1974973,174.88973430000001,57,36,15,18,6,18,153,8.0,1066.0
654,3,1.0,690.0,500000,-37.2593705,174.9463977,21,9,3,3,6,9,39,9.0,1120.0
655,4,1.0,548.0,460000,-37.2593705,174.9463977,21,9,3,3,6,9,39,9.0,1120.0
656,4,2.0,10000.0,1875000,-36.6849893,174.7068034,39,15,18,21,21,15,126,2.0,914.0
657,6,5.0,1083.0,2900000,-36.6159283,174.8048677,54,18,12,27,33,39,177,2.0,913.0
658,2,1.0,3488.0,650000,-36.7864177,175.0220042,24,24,21,39,27,39,180,5.0,956.0
659,2,2.0,1161.0,1200000,-36.7846297,175.0256175,24,24,21,39,27,39,180,5.0,956.0
660,5,3.0,560.0,980000,-36.996419,174.900078,27,36,15,15,30,33,162,5.0,961.0
661,6,4.0,5024.0,2350000,-36.9856753,174.9475179,90,42,27,45,75,45,321,2.0,898.0
662,3,1.0,15550.0,550000,-36.2287416,174.5458102,48,30,21,21,33,45,195,5.0,973.0
663,4,3.0,327.0,2200000,-36.9184693,174.6983382,39,33,24,24,33,63,219,3.0,934.0
664,3,2.0,151.0,510000,-36.61762879999999,174.7935301,72,21,30,60,33,45,258,3.0,919.0
665,2,1.0,56.0,460000,-36.8462653,174.7712726,24,96,51,18,18,27,234,7.0,1003.0
666,3,2.0,259.0,920000,-36.7937824,174.6609445,45,24,48,15,6,12,147,2.0,900.0
667,5,3.0,985.0,1430000,-36.9321759,174.64532580000002,51,15,27,27,24,24,177,3.0,932.0
668,5,3.0,804.0,2000000,-36.9393167,174.9237217,168,66,72,69,90,84,543,1.0,896.0
669,4,2.0,400.0,860000,-36.7633771,174.5496311,54,21,24,30,24,36,189,3.0,929.0
670,3,1.0,696.0,980000,-36.874750299999995,174.8437367,45,51,33,27,24,36,210,8.0,1064.0
671,4,3.0,1459.0,3175000,-36.85577429999999,174.83238469999998,39,15,12,18,21,36,147,1.0,893.0
672,5,3.0,305.0,2025000,-36.9316491,174.6961315,33,18,24,15,21,39,153,5.0,959.0
673,3,2.0,142.0,1550000,-36.8949982,174.7707909,48,30,27,33,27,21,192,4.0,949.0
674,4,3.0,741.0,1700000,-37.083594,174.91935159999997,102,33,54,60,48,36,333,1.0,877.0
675,5,3.0,553.0,1425000,-37.083399299999996,174.920226,102,33,54,60,48,36,333,1.0,877.0
676,2,1.0,70.0,505000,-36.89307279999999,174.63626090000002,60,30,33,24,21,39,201,9.0,1083.0
677,3,1.0,859.0,560000,-37.026097,174.92365700000002,108,48,54,30,27,48,309,9.0,1085.0
678,3,2.0,195.0,1825000,-36.8459057,174.7333068,15,21,27,24,27,66,174,3.0,930.0
679,4,3.0,305.0,2850000,-36.8517202,174.8523981,30,15,15,18,27,75,174,3.0,934.0
680,4,2.0,155.0,3375000,-36.983582500000004,174.9092662,99,84,90,30,18,18,336,6.0,984.0
681,4,2.0,183.0,810000,-36.983582500000004,174.9092662,99,84,90,30,18,18,336,6.0,984.0
682,2,1.0,830.0,850000,-36.8154295,175.0615949,42,15,21,33,36,60,216,7.0,1019.0
683,4,2.0,1507.0,1200000,-36.7715362,174.4831794,39,9,33,18,21,24,141,1.0,875.0
684,4,2.0,194.0,1425000,-36.8754454,174.8215719,78,15,24,51,27,21,207,2.0,909.0
685,4,2.0,505.0,790000,-36.964149600000006,174.8227791,165,60,66,45,39,39,420,10.0,1157.0
686,4,2.0,213.0,1050000,-37.07142,175.03724259999998,39,15,18,24,33,21,144,3.0,930.0
687,4,2.0,619.0,1325000,-36.9172991,174.93491219999999,30,12,15,15,15,33,120,2.0,903.0
688,4,2.0,822.0,970000,-36.905038,174.9367021,60,18,27,33,9,15,168,2.0,910.0
689,4,2.0,505.0,980000,-37.2216763,174.8968726,51,21,27,24,30,54,204,4.0,954.0
690,3,2.0,350.0,710000,-37.05657,174.94405759999998,63,24,42,18,21,33,201,8.0,1054.0
691,5,3.0,751.0,2100000,-36.8878635,174.93162780000003,54,21,18,33,36,42,207,2.0,911.0
692,4,2.0,542.0,1175000,-36.932101200000005,174.68015659999998,42,15,15,21,21,27,144,6.0,991.0
693,7,2.0,357.0,1120000,-36.8635176,174.7506549,15,48,45,9,9,12,141,4.0,939.0
694,4,3.0,334.0,1700000,-36.862700200000006,174.7505971,15,48,45,9,9,12,141,4.0,939.0
695,5,4.0,376.0,1800000,-36.915095,174.8971716,51,24,30,27,9,33,174,7.0,1002.0
696,5,3.0,287.0,1175000,-36.9170093,174.79789230000003,30,15,21,9,15,15,108,9.0,1127.0
697,5,2.0,292.0,1175000,-36.9170093,174.79789230000003,30,15,21,9,15,15,108,9.0,1127.0
698,3,2.0,121.0,1600000,-36.903153,174.7682399,30,18,9,24,18,18,123,5.0,964.0
699,3,1.0,911.0,960000,-36.8527977,174.54429869999998,78,39,33,45,24,12,231,4.0,941.0
700,4,1.0,607.0,570000,-37.0246359,174.8718344,78,30,24,24,21,21,198,10.0,1241.0
701,4,2.0,800.0,1550000,-36.886546200000005,174.9237292,54,27,18,21,54,54,231,4.0,943.0
702,3,1.0,1095.0,860000,-37.2182453,174.895161,33,18,18,21,33,39,171,3.0,926.0
703,5,2.0,900.0,840000,-37.0117347,174.89435980000002,60,36,39,24,30,18,207,8.0,1035.0
704,5,4.0,1298.0,2750000,-36.9079754,174.8636067,45,15,27,24,30,72,213,2.0,911.0
705,4,2.0,509.0,1080000,-36.8443017,174.6548741,27,15,24,21,27,24,144,3.0,929.0
706,3,2.0,604.0,1000000,-36.900176,174.8490858,24,39,24,12,12,27,141,7.0,1016.0
707,3,2.0,347.0,770000,-36.633540100000005,174.7350362,24,24,12,30,27,27,156,7.0,1005.0
708,2,2.0,362.0,580000,-37.260459399999995,174.9502378,69,18,33,30,24,45,213,10.0,1139.0
709,3,2.0,752.0,890000,-37.0037766,174.9192676,63,21,21,45,36,57,246,1.0,894.0
710,4,3.0,362.0,1105000,-36.921209399999995,174.673548,36,30,36,24,24,24,171,4.0,948.0
711,2,1.0,73.0,620000,-36.9237379,174.7333768,24,36,15,24,18,21,138,6.0,989.0
712,3,1.0,713.0,940000,-36.907574,174.9217784,78,39,27,48,45,39,282,5.0,956.0
713,2,1.0,43.0,380000,-36.9930125,174.87844990000002,21,39,36,24,21,24,168,8.0,1046.0
714,2,1.0,45.0,385000,-36.9930125,174.87844990000002,21,39,36,24,21,24,168,8.0,1046.0
715,5,2.0,665.0,880000,-36.8687518,174.62545749999998,54,33,30,27,30,39,210,9.0,1072.0
716,2,1.0,221.0,840000,-36.885465,174.816169,39,24,27,27,18,39,174,5.0,966.0
717,8,5.0,378.0,1360000,-36.985085999999995,174.91392380000002,18,18,12,15,18,18,99,6.0,995.0
718,5,3.0,664.0,1790000,-36.838611900000004,174.66054630000002,33,18,15,9,24,27,120,3.0,933.0
719,4,2.0,906.0,1125000,-36.929367600000006,174.7568343,30,18,12,24,21,12,129,2.0,918.0
720,3,2.0,397.0,1875000,-36.8712071,174.8066445,42,15,21,24,33,36,180,2.0,905.0
721,3,1.0,470.0,725000,-36.895174600000004,174.6804551,66,42,39,36,18,21,225,8.0,1052.0
722,3,2.0,562.0,1025000,-36.922313700000004,174.8937192,63,51,57,39,45,78,336,4.0,949.0
723,5,3.0,5340.0,1875000,-36.9455156,174.92614790000002,45,27,21,24,24,39,186,3.0,934.0
724,5,3.0,507.0,910000,-37.011177200000006,174.91711980000002,60,24,33,27,21,18,186,3.0,937.0
725,4,2.0,403.0,860000,-37.0107023,174.9174573,60,24,33,27,21,18,186,3.0,937.0
726,5,2.0,605.0,1150000,-36.6045094,174.7932875,45,24,18,33,27,48,189,3.0,926.0
727,4,3.0,184.0,860000,-36.975556,174.836166,57,45,33,24,24,24,207,7.0,1011.0
728,3,1.0,714.0,770000,-36.401192200000004,174.6712341,6,12,6,9,12,72,120,8.0,1058.0
729,3,1.0,492.0,600000,-37.083348799999996,174.9381973,54,27,27,30,12,21,174,9.0,1101.0
730,2,1.0,82.0,530000,-36.9133821,174.80134980000003,69,30,36,30,18,24,210,9.0,1106.0
731,2,2.0,8638.0,650000,-36.305955,175.4924245,30,21,21,21,39,69,201,9.0,1107.0
732,3,2.0,352.0,570000,-36.8886106,174.6563372,33,24,27,18,15,18,144,7.0,1021.0
733,2,1.0,91.0,680000,-36.8478196,174.78071359999998,78,204,177,45,15,12,534,9.0,1082.0
734,5,3.0,722.0,990000,-37.1867797,174.9166046,45,12,15,24,21,18,141,7.0,1029.0
735,4,2.0,352.0,690000,-37.20566029999999,174.88080380000002,27,12,12,15,12,21,96,7.0,1011.0
736,5,4.0,683.0,1975000,-36.868911700000005,174.797773,33,12,6,24,15,15,108,3.0,937.0
737,5,2.0,377.0,2350000,-36.8690673,174.7978168,33,12,6,24,15,15,108,3.0,937.0
738,3,2.0,1198.0,1100000,-36.8850429,175.041516,36,18,12,24,18,27,132,2.0,916.0
739,4,1.0,1136.0,610000,-37.0565761,174.9642808,48,21,27,12,18,21,150,9.0,1101.0
740,4,3.0,860.0,1750000,-36.9014009,174.9468893,39,12,18,21,24,30,150,1.0,879.0
741,3,1.0,326.0,910000,-36.8228391,174.6281755,120,42,30,33,24,18,264,10.0,1245.0
742,2,1.0,130.0,940000,-36.8666809,174.78046819999997,24,30,24,12,24,18,138,4.0,952.0
743,2,1.0,908.0,550000,-37.025779,174.8907126,66,30,33,21,21,18,183,10.0,1154.0
744,5,4.0,1358.0,3125000,-36.8603271,174.851155,51,27,30,27,24,27,177,2.0,904.0
745,4,2.0,138.0,570000,-36.950408200000005,174.8067565,105,39,42,45,33,21,294,9.0,1126.0
746,3,1.0,746.0,560000,-37.05679179999999,174.96605369999997,87,39,39,36,33,27,261,10.0,1204.0
747,3,1.0,732.0,690000,-37.0778044,174.9465959,42,27,30,27,24,33,180,5.0,973.0
748,3,1.0,610.0,530000,-37.0268476,174.86908480000002,96,42,33,18,36,18,243,10.0,1198.0
749,4,2.0,311.0,300000,-37.051279799999996,174.9619612,54,27,36,12,15,9,150,9.0,1089.0
750,3,1.0,862.0,630000,-37.0458133,174.9145655,75,24,33,21,21,24,195,8.0,1030.0
751,3,1.0,1396.0,885000,-36.8786421,174.5495642,78,24,27,48,42,48,267,2.0,899.0
752,3,2.0,2933.0,980000,-36.886068200000004,174.5424633,78,24,27,48,42,48,267,2.0,899.0
753,5,4.0,5093.0,1700000,-37.0061263,174.9303335,15,12,6,9,30,24,102,2.0,901.0
754,4,2.0,810.0,3700000,-36.8694386,174.88094519999999,33,9,9,15,21,27,117,1.0,886.0
755,5,3.0,938.0,3125000,-36.877044399999996,174.80817340000002,30,12,6,21,24,24,123,1.0,878.0
756,4,3.0,938.0,3125000,-36.877044399999996,174.80817340000002,30,12,6,21,24,24,123,1.0,878.0
757,4,3.0,403.0,2575000,-36.8604098,174.878016,45,9,15,21,36,30,153,1.0,874.0
758,5,2.0,300.0,1600000,-36.8852812,174.8103013,15,27,21,6,3,21,102,6.0,977.0
759,5,2.0,809.0,1025000,-36.8382589,174.6506283,33,21,21,18,15,18,135,7.0,1013.0
760,4,3.0,251.0,2625000,-36.8539339,174.8373889,60,9,15,30,27,36,174,1.0,875.0
761,4,2.0,698.0,640000,-37.2014081,174.8914514,39,30,27,15,24,30,165,5.0,964.0
762,5,3.0,724.0,1400000,-36.887245899999996,174.9897884,48,9,12,30,30,48,174,1.0,861.0
763,3,1.0,80.0,600000,-36.9858679,174.84190130000002,78,57,51,18,15,24,243,9.0,1074.0
764,2,1.0,90.0,500000,-36.902824700000004,174.6723392,57,24,36,24,18,27,189,8.0,1044.0
765,5,3.0,818.0,1300000,-36.926457299999996,174.7295618,42,24,27,21,30,30,174,5.0,961.0
766,3,1.0,100.0,660000,-36.821575200000005,174.6218255,78,45,48,36,30,21,261,8.0,1051.0
767,2,1.0,2256.0,680000,-36.7865104,175.0495212,36,15,21,36,27,45,186,5.0,957.0
768,6,4.0,377.0,1350000,-36.974479200000005,174.9289209,24,15,21,12,6,12,81,5.0,959.0
769,6,5.0,413.0,710000,-36.9734507,174.9263337,24,15,21,12,6,12,81,5.0,959.0
770,2,1.0,696.0,680000,-36.9398528,174.851282,51,21,30,6,15,9,129,10.0,1148.0
771,2,2.0,197.0,540000,-36.8983921,174.7131434,60,45,27,18,18,21,192,10.0,1247.0
772,3,2.0,216.0,1300000,-36.8474999,174.8624588,33,27,24,21,36,54,189,2.0,902.0
773,3,1.0,893.0,760000,-36.793597999999996,175.0474039,24,12,15,15,30,24,126,6.0,979.0
774,5,3.0,2188.0,1350000,-36.9182345,174.663202,21,21,18,15,24,18,114,5.0,968.0
775,4,3.0,508.0,1125000,-36.850052500000004,174.6071215,60,48,57,33,18,33,255,6.0,983.0
776,4,2.0,1012.0,1055000,-36.847053100000004,174.6064801,60,48,57,33,18,33,255,6.0,983.0
777,3,1.0,407.0,860000,-36.8553172,174.6511561,48,27,27,30,18,21,168,8.0,1030.0
778,6,2.0,284.0,1350000,-36.917485600000006,174.6999272,36,12,21,33,3,33,135,5.0,974.0
779,5,4.0,516.0,2525000,-36.887315,174.79703590000003,24,12,6,21,33,27,117,4.0,938.0
780,3,1.0,80.0,440000,-37.0585226,174.9639231,90,24,30,30,15,24,216,10.0,1279.0
781,5,2.0,604.0,620000,-37.0377352,174.8616483,99,42,39,27,18,18,240,10.0,1140.0
782,1,1.0,70.0,430000,-36.979802,174.8581819,18,15,24,18,18,33,126,7.0,1010.0
783,4,1.0,675.0,1150000,-36.9419145,174.7811504,30,21,15,9,15,30,126,4.0,954.0
784,4,1.0,703.0,1360000,-36.868787700000006,174.7357501,39,48,48,24,27,9,192,4.0,941.0
785,5,3.0,357.0,1600000,-36.8694257,174.73570880000003,39,48,48,24,27,9,192,4.0,941.0
786,2,1.0,288.0,530000,-36.9477657,174.8484897,81,39,30,24,21,24,210,9.0,1115.0
787,3,1.0,481.0,795000,-36.910306,174.90779419999998,57,33,24,27,33,27,204,7.0,1025.0
788,4,2.0,198.0,1500000,-36.8602016,174.8251243,24,9,21,12,21,24,111,10.0,1186.0
789,7,5.0,411.0,1340000,-36.9798511,174.9091138,69,51,48,33,15,36,249,7.0,1015.0
790,4,2.0,663.0,1370000,-36.7280824,174.7467457,51,15,27,21,27,18,153,4.0,947.0
791,5,3.0,750.0,1775000,-36.886354,174.90058169999998,60,18,33,36,42,42,222,3.0,922.0
792,3,2.0,587.0,2075000,-36.8825261,174.7995996,45,36,12,18,33,33,186,2.0,918.0
793,3,1.0,1233.0,915000,-36.864683500000005,174.59549619999999,51,36,33,27,27,18,192,10.0,1138.0
794,3,1.0,1103.0,580000,-37.2459516,174.73980559999998,51,15,18,21,18,21,147,9.0,1122.0
795,3,2.0,577.0,1275000,-36.9355287,174.6756054,81,33,39,42,33,54,282,3.0,927.0
796,4,3.0,922.0,2750000,-36.8569105,174.8564186,39,6,9,21,18,27,123,1.0,859.0
797,5,3.0,600.0,1000000,-37.0499739,174.89118019999998,57,21,27,15,30,42,192,6.0,981.0
798,4,4.0,561.0,1340000,-36.873823,174.59975409999998,102,84,78,54,42,45,405,1.0,879.0
799,4,2.0,987.0,1050000,-36.8612461,174.6513205,24,30,36,21,36,39,189,4.0,949.0
800,4,2.0,461.0,1550000,-36.8593031,174.8466779,60,6,18,39,33,39,189,1.0,888.0
801,3,2.0,150.0,630000,-36.9924403,174.89437790000002,39,33,21,12,12,21,138,7.0,1000.0
802,4,3.0,7139.0,1650000,-36.7832722,174.459546,39,18,9,27,30,33,156,2.0,903.0
803,4,2.0,558.0,1000000,-36.6232582,174.7964894,78,18,57,39,15,39,243,2.0,906.0
804,4,2.0,3162.0,880000,-37.260664500000004,174.7290907,75,27,27,39,30,24,216,1.0,894.0
805,4,2.0,5884.0,1725000,-37.010292799999995,174.9195987,48,33,36,30,39,42,228,2.0,906.0
806,3,1.0,250.0,630000,-36.8673498,174.6016886,60,21,30,24,21,18,174,8.0,1037.0
807,5,2.0,508.0,910000,-36.813348100000006,174.7927736,30,12,9,27,27,45,153,2.0,914.0
808,6,3.0,755.0,2950000,-36.874392,174.7604416,24,30,36,12,12,9,120,5.0,970.0
809,3,2.0,1047.0,1050000,-36.809956,174.693898,27,18,12,9,27,18,123,1.0,881.0
810,5,2.0,1002.0,920000,-36.885154,174.6569697,21,15,15,12,9,15,93,9.0,1092.0
811,4,2.0,7480.0,1500000,-37.1539815,174.9593174,30,9,15,21,27,39,138,2.0,918.0
812,4,2.0,7480.0,1500000,-37.1539815,174.9593174,30,9,15,21,27,39,138,2.0,918.0
813,2,2.0,119.0,700000,-37.0510717,174.9523543,81,30,36,18,21,15,201,8.0,1056.0
814,2,2.0,119.0,700000,-37.0510717,174.9523543,81,30,36,18,21,15,201,8.0,1056.0
815,5,3.0,1126.0,2200000,-36.868502899999996,174.90514019999998,36,18,18,18,27,39,147,3.0,931.0
816,3,1.0,706.0,600000,-36.968728999999996,174.8119349,141,42,39,45,36,27,327,10.0,1262.0
817,3,1.0,603.0,700000,-36.984773,174.8354962,36,21,21,18,21,21,141,7.0,1016.0
818,5,3.0,266.0,2175000,-36.874537200000006,174.8152127,30,12,24,9,30,30,138,2.0,903.0
819,3,1.0,842.0,720000,-36.992832,174.8488498,48,30,18,12,27,24,159,10.0,1227.0
820,3,1.0,1012.0,1020000,-36.86426779999999,174.6018675,36,21,21,18,21,27,135,8.0,1042.0
821,4,2.0,1599.0,1150000,-36.8860015,174.9279754,69,30,27,51,24,42,237,4.0,945.0
822,6,2.0,1014.0,1300000,-36.953207,174.8454736,51,21,18,15,18,18,147,10.0,1235.0
823,3,2.0,350.0,670000,-36.8618218,174.60490880000003,78,36,33,36,15,24,213,8.0,1054.0
824,3,1.0,120.0,630000,-37.050791,174.861378,30,21,21,15,24,27,147,9.0,1083.0
825,3,1.0,100.0,620000,-36.836371,174.6099833,69,45,39,21,24,12,210,8.0,1032.0
826,3,2.0,803.0,950000,-36.8350485,174.62935259999998,33,21,21,15,24,45,153,2.0,915.0
827,3,1.0,400.0,625000,-36.98714879999999,174.8919507,120,66,51,51,18,36,342,8.0,1064.0
828,2,1.0,936.0,740000,-36.9531644,174.8496839,54,39,33,24,36,30,213,9.0,1135.0
829,5,3.0,1207.0,1850000,-36.8999324,174.949745,36,15,9,21,12,33,126,2.0,913.0
830,3,1.0,519.0,560000,-37.053359,174.9375378,45,39,36,21,30,33,195,9.0,1118.0
831,4,2.0,1409.0,880000,-36.8525715,174.5165363,21,15,12,21,27,30,123,2.0,914.0
832,3,1.0,161.0,1380000,-36.8740206,174.75047890000002,36,33,18,27,21,24,159,3.0,928.0
833,4,2.0,956.0,880000,-36.794925899999996,174.6910567,33,24,15,21,15,15,120,2.0,907.0
834,4,1.0,607.0,1575000,-36.8758066,174.74652700000001,48,39,12,30,24,9,162,3.0,926.0
835,5,3.0,809.0,1250000,-36.965782899999994,174.8567632,48,51,24,30,15,15,183,5.0,968.0
836,3,1.0,405.0,600000,-37.0672518,174.96104499999998,24,6,9,12,9,12,72,9.0,1104.0
837,4,2.0,812.0,1425000,-36.8842695,174.8693812,36,18,15,9,9,18,102,9.0,1086.0
838,3,1.0,1196.0,600000,-37.0241544,174.9052145,51,27,18,12,12,15,135,9.0,1118.0
839,3,1.0,1014.0,5600000,-36.908485399999996,174.8387404,30,39,30,21,27,15,162,9.0,1100.0
840,4,2.0,602.0,455000,-36.6009453,174.5919841,54,30,18,30,48,48,231,2.0,918.0
841,4,3.0,437.0,1225000,-36.9237381,174.7621104,51,30,42,33,36,30,225,2.0,909.0
842,3,1.0,567.0,890000,-36.9291518,174.73804819999998,45,48,33,27,21,33,195,4.0,943.0
843,4,2.0,500.0,1230000,-36.898904200000004,174.837354,30,24,12,21,15,9,117,5.0,973.0
844,3,1.0,132.0,860000,-36.8949685,174.6938669,6,3,15,12,12,147,189,8.0,1069.0
845,2,1.0,70.0,710000,-36.87516289999999,174.724321,60,42,57,33,27,18,231,3.0,924.0
846,3,1.0,365.0,580000,-36.91619229999999,174.6277092,69,39,24,18,15,12,177,9.0,1098.0
847,4,2.0,597.0,870000,-37.0428312,174.8714538,105,51,36,39,33,36,300,9.0,1128.0
848,3,1.0,627.0,960000,-36.890285999999996,174.9173753,51,30,27,12,36,36,195,3.0,930.0
849,6,4.0,451.0,1300000,-36.72428,174.74374,30,21,18,12,12,12,105,4.0,939.0
850,3,1.0,80.0,390000,-37.0297799,174.8615585,147,54,39,33,45,18,336,10.0,1152.0
851,4,1.0,610.0,465000,-37.0305175,174.861123,147,54,39,33,45,18,336,10.0,1152.0
852,4,2.0,280.0,1500000,-36.8890341,174.843808,54,24,27,33,21,39,201,1.0,877.0
853,3,2.0,809.0,600000,-36.8178737,175.0565507,27,3,3,24,21,42,126,4.0,946.0
854,3,1.0,819.0,920000,-36.831270700000005,174.651131,57,21,36,33,15,24,180,5.0,970.0
855,3,1.0,1012.0,1150000,-36.9151938,174.7018638,51,42,36,24,15,39,219,4.0,946.0
856,4,2.0,325.0,1950000,-36.7664383,174.5644001,48,24,6,36,18,24,162,2.0,909.0
857,3,1.0,499.0,650000,-36.860793,174.6091341,60,39,30,21,21,24,192,8.0,1064.0
858,3,1.0,259.0,770000,-36.9094768,174.88893290000001,42,15,24,27,9,18,129,8.0,1037.0
859,4,2.0,458.0,750000,-37.0584227,174.9739408,144,54,72,36,42,24,372,8.0,1057.0
860,4,2.0,350.0,1160000,-36.7268294,174.7370666,51,15,27,24,12,21,150,1.0,879.0
861,4,3.0,639.0,1870000,-36.907999600000004,174.8603389,48,33,27,27,27,42,204,6.0,988.0
862,3,1.0,607.0,600000,-37.022769200000006,174.8682038,117,60,30,33,30,27,291,10.0,1224.0
863,3,1.0,6158.0,780000,-36.562416,174.3170782,30,9,9,18,12,33,117,6.0,992.0
864,4,3.0,301.0,2000000,-36.8581213,174.901969,33,12,15,18,24,42,138,3.0,927.0
865,2,2.0,76.0,930000,-36.887498,174.64477380000002,51,24,36,27,39,69,237,6.0,976.0
866,4,2.0,400.0,1890000,-36.8660654,174.9027367,33,15,9,24,24,33,132,5.0,958.0
867,2,2.0,125.0,840000,-36.9019039,174.8600165,30,15,21,18,9,39,126,6.0,988.0
868,3,1.0,618.0,510000,-37.026559999999996,174.8655584,120,57,45,45,39,21,327,9.0,1129.0
869,5,3.0,672.0,910000,-37.002833100000004,174.901131,63,63,45,33,45,63,312,5.0,959.0
870,4,2.0,466.0,960000,-36.609543,174.69740090000002,33,9,15,15,6,18,96,7.0,1029.0
871,5,3.0,601.0,620000,-36.6080545,174.695604,33,9,15,15,6,18,96,7.0,1029.0
872,4,3.0,224.0,940000,-36.967141999999996,174.9149611,201,138,138,78,54,57,666,4.0,953.0
873,4,3.0,244.0,1950000,-36.85018170000001,174.7492844,24,36,21,12,24,54,180,7.0,1021.0
874,4,2.0,218.0,890000,-36.8536657,174.86480659999998,54,12,21,30,30,39,180,1.0,873.0
875,4,2.0,375.0,2100000,-36.8520398,174.8632513,54,12,21,30,30,39,180,1.0,873.0
876,4,3.0,228.0,1775000,-36.8962024,174.7694086,42,36,15,33,18,39,177,2.0,918.0
877,5,2.0,704.0,1025000,-36.9246398,174.89917340000002,42,27,36,21,18,12,159,3.0,921.0
878,3,3.0,536.0,850000,-36.874314399999996,174.7471131,9,27,36,15,6,6,105,4.0,954.0
879,3,2.0,371.0,950000,-36.9129704,174.8793489,33,24,33,21,21,18,141,7.0,1011.0
880,5,4.0,887.0,3600000,-36.8590175,174.8210804,54,39,36,27,27,33,210,5.0,974.0
881,4,2.0,666.0,1200000,-36.605053000000005,174.66990280000002,96,18,60,48,30,39,285,1.0,891.0
882,4,2.0,397.0,1700000,-36.8767079,174.7488003,24,36,36,27,6,9,135,8.0,1055.0
883,4,1.0,607.0,950000,-36.946912700000006,174.7759574,63,30,42,42,21,36,231,8.0,1046.0
884,4,3.0,300.0,880000,-36.9589,174.7870691,138,63,66,45,24,30,369,9.0,1132.0
885,3,1.0,550.0,1000000,-36.9441079,174.79033959999998,69,42,42,45,36,84,324,6.0,992.0
886,2,1.0,680.0,960000,-36.9435627,174.7686467,72,21,36,33,21,54,234,7.0,1025.0
887,4,3.0,784.0,2300000,-36.8660765,174.80419780000003,60,15,27,24,27,21,174,1.0,894.0
888,3,1.0,584.0,1055000,-36.9189515,174.7944395,45,18,30,33,24,21,171,6.0,986.0
889,5,4.0,888.0,1680000,-36.9186243,174.7943984,45,18,30,33,24,21,171,6.0,986.0
890,4,3.0,683.0,880000,-36.9225447,174.71894540000002,48,48,42,33,33,45,249,6.0,982.0
891,6,5.0,424.0,1455000,-36.878769399999996,174.7569337,48,18,12,24,21,27,150,1.0,894.0
892,5,2.0,1025.0,3800000,-36.8680346,174.7921862,39,15,9,24,15,27,135,2.0,911.0
893,5,5.0,1449.0,5000000,-36.866936200000005,174.7899962,39,15,9,24,15,27,135,2.0,911.0
894,5,4.0,480.0,1240000,-36.876324700000005,174.7612334,33,75,42,24,33,36,237,4.0,944.0
895,6,7.0,507.0,1875000,-36.876324700000005,174.7612334,33,75,42,24,33,36,237,4.0,944.0
896,5,5.0,506.0,2525000,-36.876324700000005,174.7612334,33,75,42,24,33,36,237,4.0,944.0
897,3,2.0,825.0,970000,-36.903199,174.7191311,33,21,27,21,18,30,150,7.0,1024.0
898,4,1.0,718.0,1040000,-36.915850299999995,174.7039948,42,33,15,21,27,27,171,8.0,1031.0
899,3,2.0,531.0,2125000,-36.89594520000001,174.760417,45,24,15,21,24,27,168,3.0,927.0
900,3,1.0,306.0,2525000,-36.8444472,174.74733030000002,24,12,18,21,18,69,165,2.0,900.0
901,4,3.0,328.0,1220000,-36.85960120000001,174.84341930000002,36,15,15,24,30,45,168,1.0,861.0
902,3,2.0,607.0,1360000,-36.892654,174.75874419999997,27,51,30,18,18,18,159,5.0,958.0
903,3,1.0,218.0,1525000,-36.8492467,174.741151,36,24,33,36,27,30,186,3.0,929.0
904,3,2.0,543.0,1975000,-36.88795579999999,174.754656,51,24,9,30,21,30,168,6.0,984.0
905,3,1.0,455.0,2900000,-36.8492592,174.737546,81,18,24,45,30,18,219,1.0,890.0
906,3,1.0,723.0,950000,-36.9082849,174.6976546,72,66,45,33,24,51,291,9.0,1077.0
907,4,1.0,1330.0,1105000,-36.9074477,174.7006273,72,66,45,33,24,51,291,9.0,1077.0
908,3,1.0,725.0,1180000,-36.8720864,174.85362800000001,33,21,18,12,15,0,108,10.0,1161.0
909,3,1.0,1568.0,2450000,-36.9100148,174.7485246,57,42,33,21,27,27,216,8.0,1042.0
910,3,1.0,615.0,940000,-36.914629,174.7074968,36,42,15,27,36,39,192,4.0,950.0
911,4,3.0,558.0,1290000,-36.9165093,174.71180180000002,30,18,18,15,18,24,123,3.0,926.0
912,3,1.0,378.0,790000,-36.886776,174.683863,60,39,36,27,24,30,216,7.0,1019.0
913,4,3.0,304.0,1280000,-36.9837092,174.8552113,42,63,30,21,15,33,210,9.0,1107.0
914,3,1.0,675.0,1500000,-36.923331899999994,174.78367269999998,27,33,33,36,48,57,228,10.0,1207.0
915,4,2.0,383.0,980000,-36.914478100000004,174.7039619,21,27,18,18,18,24,132,6.0,995.0
916,4,2.0,592.0,1340000,-36.884592600000005,174.724023,57,15,12,36,21,15,159,1.0,896.0
917,4,3.0,701.0,1650000,-36.90869489999999,174.8522534,21,15,6,12,42,78,177,3.0,924.0
918,4,2.0,612.0,1025000,-36.911313899999996,174.79599819999999,72,36,39,24,21,30,216,9.0,1100.0
919,4,1.0,522.0,1775000,-36.862191499999994,174.7308889,54,18,24,36,33,21,180,1.0,877.0
920,5,3.0,446.0,1350000,-36.9249153,174.74871399999998,51,57,30,33,24,33,225,3.0,937.0
921,5,2.0,625.0,1085000,-36.9163791,174.70789969999998,39,21,24,18,9,27,129,4.0,949.0
922,3,1.0,584.0,810000,-36.91551320000001,174.7941574,27,12,21,21,18,24,126,5.0,972.0
923,4,2.0,895.0,1250000,-36.922188399999996,174.7512236,30,45,30,24,27,21,174,4.0,944.0
924,3,2.0,417.0,1225000,-36.9184865,174.7521391,30,45,30,24,27,21,174,4.0,944.0
925,5,3.0,184.0,850000,-36.9052102,174.7061706,36,45,39,18,15,24,165,6.0,978.0
926,5,3.0,478.0,1245000,-36.9045255,174.705919,36,45,39,18,15,24,165,6.0,978.0
927,4,3.0,344.0,1245000,-36.9045255,174.705919,36,45,39,18,15,24,165,6.0,978.0
928,3,1.0,496.0,1400000,-36.8536208,174.7326333,63,33,42,33,30,48,246,9.0,1076.0
929,3,1.0,763.0,1230000,-36.89840220000001,174.7287065,51,36,9,21,9,9,135,10.0,1241.0
930,4,2.0,658.0,910000,-36.92120739999999,174.7638353,33,21,15,24,9,24,126,6.0,977.0
931,5,4.0,483.0,2475000,-36.8514061,174.8413399,12,6,18,18,15,33,102,3.0,937.0
932,4,3.0,708.0,1675000,-36.9024169,174.7618185,36,21,18,18,21,24,144,2.0,912.0
933,4,2.0,809.0,1750000,-36.9042206,174.7612986,36,21,18,18,21,24,144,2.0,912.0
934,4,3.0,365.0,780000,-36.9113854,174.70471980000002,60,33,27,21,24,21,192,10.0,1139.0
935,5,3.0,540.0,2100000,-36.8576438,174.8696614,75,9,9,42,30,21,186,1.0,851.0
936,5,5.0,402.0,2350000,-36.8619224,174.85721999999998,42,3,9,24,6,42,135,2.0,898.0
937,2,1.0,696.0,680000,-36.8462198,174.76427759999999,18,36,39,18,12,15,132,5.0,968.0
938,3,1.0,688.0,1000000,-36.9262521,174.71852030000002,45,21,21,21,15,33,156,3.0,934.0
939,3,1.0,498.0,985000,-36.8991706,174.7051812,51,39,57,27,21,33,219,5.0,968.0
940,3,1.0,2168.0,1940000,-36.8481896,174.7268372,66,15,12,42,45,39,216,2.0,908.0
941,3,2.0,617.0,3050000,-36.879025299999995,174.7913599,45,24,6,24,30,39,162,1.0,890.0
942,3,2.0,268.0,740000,-36.871324,174.856745,75,54,45,21,18,33,252,9.0,1103.0
943,3,3.0,1173.0,3300000,-36.8544409,174.85928669999998,57,15,3,39,24,36,177,1.0,885.0
944,5,3.0,500.0,1275000,-36.8884324,174.67942299999999,45,54,30,39,33,60,267,8.0,1065.0
945,3,2.0,1219.0,2000000,-36.8619669,174.8695533,33,27,9,18,18,27,138,9.0,1072.0
946,3,1.0,658.0,1475000,-36.8955756,174.7558628,33,33,36,24,18,27,168,5.0,957.0
947,4,2.0,674.0,840000,-36.905828799999995,174.6953574,63,42,30,27,24,18,198,6.0,999.0
948,3,1.0,961.0,1820000,-36.8998764,174.8121941,18,15,18,15,9,18,93,3.0,933.0
949,5,4.0,466.0,1650000,-36.8763067,174.713555,42,30,39,21,18,30,180,8.0,1038.0
950,5,4.0,498.0,1500000,-36.920821999999994,174.7086401,33,21,24,12,21,27,135,7.0,1029.0
951,4,4.0,475.0,4300000,-36.8577078,174.78667190000002,18,9,27,9,15,30,114,5.0,956.0
952,3,2.0,258.0,2200000,-36.841823299999994,174.7436499,12,27,15,9,24,12,108,2.0,903.0
953,4,2.0,388.0,1950000,-36.8569239,174.8530156,36,12,9,15,27,27,126,1.0,893.0
954,5,3.0,379.0,2650000,-36.8901584,174.79092859999997,54,18,24,30,21,30,171,5.0,958.0
955,3,1.0,675.0,1100000,-36.9134149,174.7815573,54,54,57,30,27,36,258,6.0,997.0
956,4,2.0,1133.0,1280000,-36.9081328,174.8258697,24,12,15,12,15,21,105,5.0,962.0
957,6,2.0,1190.0,800000,-36.8721492,174.7931936,51,15,12,36,30,21,159,3.0,927.0
958,4,2.0,921.0,2400000,-36.895953000000006,174.7663558,45,27,15,27,21,39,168,5.0,959.0
959,4,2.0,400.0,1125000,-36.9035745,174.7391566,54,27,30,21,24,15,180,10.0,1156.0
960,3,1.0,936.0,2725000,-36.8705393,174.8031034,60,24,30,27,30,27,195,1.0,895.0
961,5,3.0,926.0,2150000,-36.9060592,174.76925480000003,39,24,18,30,33,45,186,4.0,949.0
962,4,2.0,479.0,1220000,-36.8691966,174.8547967,90,63,48,21,24,21,261,7.0,1015.0
963,4,2.0,525.0,1575000,-36.8937599,174.80918069999998,30,48,60,36,33,30,231,4.0,945.0
964,4,2.0,469.0,2500000,-36.8507913,174.8667629,48,18,12,24,45,45,186,1.0,875.0
965,5,3.0,498.0,2650000,-36.85159960000001,174.86758659999998,48,18,12,24,45,45,186,1.0,875.0
966,2,1.0,531.0,1220000,-36.8933679,174.7424117,42,48,36,30,21,30,210,6.0,996.0
967,5,4.0,329.0,940000,-36.893132200000004,174.70815459999997,36,54,42,15,18,15,183,7.0,1020.0
968,3,1.0,364.0,1000000,-36.9142882,174.7238636,39,54,36,21,21,33,204,6.0,988.0
969,4,3.0,319.0,2675000,-36.872813,174.7962419,36,21,12,21,15,30,144,3.0,926.0
970,5,3.0,585.0,1525000,-36.893449200000006,174.6987636,45,24,36,30,18,33,186,9.0,1080.0
971,4,3.0,306.0,1025000,-36.9063092,174.8009368,48,36,27,24,12,9,159,9.0,1112.0
972,4,2.0,200.0,1425000,-36.886961,174.83991310000002,51,15,33,33,21,33,189,1.0,884.0
973,4,2.0,573.0,1220000,-36.887362700000004,174.75000480000003,39,27,12,27,12,9,123,2.0,914.0
974,3,2.0,201.0,360000,-36.845533,174.758984,0,0,0,0,0,0,3,1.0,884.0
975,2,1.0,1108.0,1600000,-36.888758,174.69546269999998,48,27,33,27,18,18,174,8.0,1067.0
976,4,3.0,300.0,1450000,-36.872516600000004,174.8439794,36,30,45,24,15,27,183,4.0,939.0
977,4,2.0,1075.0,1130000,-36.9063931,174.7067597,18,24,24,9,9,15,96,7.0,1020.0
978,3,1.0,475.0,750000,-36.915571500000006,174.83105830000002,51,48,36,18,12,21,192,8.0,1037.0
979,4,3.0,303.0,1000000,-36.917081,174.70143969999998,39,24,30,21,21,21,156,4.0,949.0
980,5,4.0,651.0,3350000,-36.8851805,174.7818065,21,18,12,9,12,24,99,7.0,1008.0
981,5,4.0,751.0,770000,-36.89890689999999,174.6600901,87,42,30,27,24,15,222,10.0,1150.0
982,5,3.0,390.0,845000,-36.9069713,174.7445629,39,48,15,21,18,27,171,8.0,1044.0
983,4,3.0,221.0,930000,-36.908429999999996,174.7641962,36,21,15,21,24,27,144,4.0,939.0
984,5,4.0,854.0,3125000,-36.8620859,174.8790697,60,18,12,33,21,27,174,2.0,914.0
985,5,3.0,220.0,1240000,-36.8971339,174.7461594,42,51,51,12,30,27,219,5.0,965.0
986,4,2.0,980.0,980000,-36.9227584,174.7565188,36,33,27,21,21,24,168,6.0,991.0
987,2,1.0,306.0,780000,-36.8492709,174.7658971,45,147,60,12,6,6,273,7.0,1009.0
988,3,3.0,607.0,2900000,-36.8561916,174.78264009999998,42,69,42,33,42,60,285,2.0,911.0
989,4,3.0,814.0,2425000,-36.9006191,174.76875090000001,54,27,18,27,33,30,189,6.0,981.0
990,4,1.0,941.0,910000,-36.901547799999996,174.696465,57,45,45,27,33,21,231,8.0,1065.0
991,4,3.0,177.0,970000,-36.9174364,174.7529711,51,36,51,24,15,39,219,6.0,982.0
992,3,1.0,723.0,1140000,-36.8918396,174.7327926,27,27,27,15,18,9,114,3.0,933.0
993,4,2.0,855.0,1225000,-36.9185946,174.7302842,42,33,30,24,18,30,174,4.0,938.0
994,5,2.0,1459.0,2025000,-36.916765600000005,174.7493226,45,45,36,21,30,30,204,4.0,945.0
995,3,2.0,328.0,1080000,-36.902952299999995,174.8461357,12,15,27,27,12,21,114,4.0,950.0
996,3,1.0,1004.0,2475000,-36.877328799999994,174.80579880000002,42,12,9,21,24,27,129,1.0,895.0
997,4,2.0,1171.0,2625000,-36.9000679,174.776469,15,18,3,6,30,30,99,4.0,950.0
998,4,3.0,691.0,1800000,-36.8752869,174.8411526,36,27,24,21,24,48,177,4.0,947.0
999,4,3.0,584.0,1200000,-36.851318299999996,174.83569440000002,21,21,12,18,15,30,123,4.0,940.0
1000,7,3.0,729.0,2000000,-36.861328,174.782615,36,33,33,33,12,42,189,3.0,926.0
1001,5,4.0,650.0,2675000,-36.879031,174.8175216,57,24,21,36,30,54,216,1.0,876.0
1002,5,3.0,506.0,860000,-36.919732200000006,174.7091342,51,42,36,36,24,36,225,4.0,951.0
1003,4,1.0,415.0,1200000,-36.919596399999996,174.6996862,42,42,33,18,18,51,207,5.0,975.0
1004,5,4.0,374.0,1650000,-36.8660323,174.86125769999998,48,24,21,30,27,24,168,3.0,923.0
1005,4,2.0,636.0,1950000,-36.893461,174.7605983,30,15,9,21,21,9,105,2.0,911.0
1006,3,1.0,1204.0,1100000,-36.9115203,174.82483969999998,42,36,36,21,15,15,168,5.0,962.0
1007,3,1.0,607.0,840000,-36.917568700000004,174.69557360000002,27,21,27,6,9,45,138,10.0,1147.0
1008,2,1.0,938.0,1925000,-36.8548799,174.82551030000002,15,12,24,9,15,27,102,6.0,979.0
1009,5,3.0,1262.0,4650000,-36.8539847,174.8084146,18,33,18,12,27,33,138,2.0,905.0
1010,5,4.0,413.0,1375000,-36.917967700000005,174.75512959999998,69,54,39,33,30,18,243,5.0,973.0
1011,3,1.0,3361.0,1650000,-36.92774620000001,174.8519919,78,54,42,30,24,15,231,8.0,1059.0
1012,3,1.0,814.0,1230000,-36.9251294,174.71035569999998,60,27,24,24,33,33,204,4.0,940.0
1013,4,2.0,1100.0,2550000,-36.864488200000004,174.84990980000003,39,9,12,24,24,33,138,1.0,853.0
1014,5,3.0,524.0,1875000,-36.8920958,174.7269886,36,48,27,21,18,24,168,6.0,978.0
1015,4,2.0,721.0,3400000,-36.852993700000006,174.7175488,30,18,6,18,15,30,114,3.0,936.0
1016,3,1.0,494.0,770000,-36.916898100000004,174.7370148,42,39,9,24,18,12,150,10.0,1152.0
1017,5,3.0,1006.0,2475000,-36.8531218,174.8322103,39,12,27,27,27,48,180,1.0,897.0
1018,3,1.0,1867.0,2075000,-36.884704799999994,174.7022144,18,39,27,15,3,12,117,7.0,1022.0
1019,4,3.0,397.0,1160000,-36.8876414,174.7966714,54,30,15,18,24,27,165,5.0,964.0
1020,3,2.0,908.0,1150000,-36.9265598,174.70086650000002,33,24,18,21,27,57,183,6.0,982.0
1021,4,3.0,277.0,1850000,-36.9106508,174.7778042,45,27,51,30,9,30,192,7.0,999.0
1022,5,3.0,308.0,1250000,-36.9059437,174.7174915,39,51,21,15,33,27,189,8.0,1034.0
1023,5,3.0,888.0,3500000,-36.847621600000004,174.869938,78,15,18,33,39,39,213,1.0,890.0
1024,5,3.0,664.0,3900000,-36.847171,174.8701092,78,15,18,33,39,39,213,1.0,890.0
1025,5,3.0,889.0,4100000,-36.84791920000001,174.8701244,78,15,18,33,39,39,213,1.0,890.0
1026,4,2.0,677.0,3450000,-36.8808042,174.8040785,42,27,12,21,30,33,165,5.0,963.0
1027,3,1.0,670.0,830000,-36.9339956,174.8450852,57,36,30,24,21,15,186,7.0,1021.0
1028,4,2.0,837.0,1850000,-36.867321399999994,174.8324686,36,24,24,21,27,12,147,3.0,920.0
1029,6,4.0,3062.0,12250000,-36.872513899999994,174.788572,60,12,15,27,24,33,168,1.0,881.0
1030,4,2.0,652.0,3450000,-36.872448999999996,174.789432,60,12,15,27,24,33,168,1.0,881.0
1031,3,2.0,971.0,2425000,-36.9513274,174.84849509999998,42,27,33,15,24,21,168,9.0,1109.0
1032,4,2.0,344.0,1000000,-36.8984767,174.7009007,36,27,21,24,15,18,132,6.0,995.0
1033,3,1.0,581.0,990000,-36.9153146,174.79007990000002,45,24,30,18,24,12,159,2.0,919.0
1034,4,2.0,1743.0,2375000,-36.88879779999999,174.7583858,60,51,30,39,18,18,216,6.0,986.0
1035,4,2.0,350.0,1150000,-36.9108802,174.7274244,51,60,39,18,30,21,219,6.0,986.0
1036,5,2.0,340.0,760000,-36.9071565,174.7342241,42,33,33,21,27,60,210,10.0,1301.0
1037,5,3.0,1080.0,3750000,-36.86708370000001,174.79880690000002,33,18,9,15,30,42,141,1.0,871.0
1038,5,2.0,620.0,2250000,-36.8875514,174.78244919999997,51,24,12,21,27,33,174,5.0,958.0
1039,5,6.0,3565.0,12500000,-36.8755519,174.7954021,42,9,6,27,30,36,150,1.0,849.0
1040,5,3.0,736.0,1175000,-36.9304223,174.7190441,30,36,27,21,30,24,165,6.0,987.0
1041,6,2.0,2053.0,1453000,-36.939243,174.847542,39,15,27,21,12,21,135,10.0,1189.0
1042,6,1.0,640.0,2925000,-36.8805028,174.76218590000002,36,63,12,27,21,27,192,5.0,956.0
1043,3,1.0,506.0,2175000,-36.853863700000005,174.7851834,42,48,21,39,21,39,210,3.0,924.0
1044,4,3.0,578.0,4000000,-36.854497200000004,174.8100437,15,15,18,9,15,27,102,7.0,1029.0
1045,1,1.0,252.0,920000,-36.8494974,174.83981509999998,9,12,15,12,21,54,123,3.0,932.0
1046,4,1.0,1368.0,670000,-36.899255,174.7611645,54,18,15,24,21,27,159,1.0,885.0
1047,6,1.0,607.0,1200000,-36.844933000000005,174.770001,15,27,24,15,18,30,129,6.0,981.0
1048,5,3.0,453.0,1250000,-36.9122424,174.75672590000002,36,30,45,21,24,21,180,6.0,976.0
1049,5,2.0,1854.0,5300000,-36.8796648,174.7876684,48,18,12,15,36,45,174,1.0,891.0
1050,3,1.0,806.0,1665000,-36.897104299999995,174.8001712,54,33,27,27,15,30,192,4.0,946.0
